# Wavefront OBJ exported from joystick_ball_cap.stl
v -0.85127 4.00491 6.71458
v -1.26523 3.89399 6.71458
v -0.84194 3.96103 7.14138
v 2.23453 -1.29011 9.68630
v 1.80655 -1.31254 9.93855
v 2.08744 -1.51661 9.68630
v -0.66247 3.11667 3.91979
v -0.98462 3.03035 3.91979
v -0.71491 3.36341 4.26698
v -1.44957 2.51073 3.60086
v -1.87286 2.57777 3.91979
v -1.59315 2.75941 3.91979
v 3.64034 -1.18282 7.96931
v 3.49676 -1.55686 7.96931
v 3.76647 -1.22380 7.56116
v -3.47433 -1.12888 8.36136
v -3.74404 -0.79582 7.96931
v -3.64034 -1.18282 7.96931
v 3.16370 -1.82656 8.36136
v 3.09666 -2.24985 7.96931
v 3.31487 -1.91384 7.96931
v 3.49676 1.55686 7.96931
v 3.33730 1.48586 8.36136
v 3.47433 1.12888 8.36136
v -3.04272 2.73968 6.71458
v -2.70966 3.00938 7.14138
v -2.73968 3.04272 6.71458
v -3.00938 2.70966 7.14138
v 2.57777 1.87286 3.91979
v 2.55534 2.30084 4.26698
v 2.78184 2.02113 4.26698
v -0.96942 -0.43161 10.46030
v -1.27246 -0.73465 10.32768
v -0.91899 -0.53058 10.46030
v 3.54584 2.04719 6.71458
v 3.31242 2.40662 6.71458
v 3.50699 2.02476 7.14138
v 2.15448 1.93990 3.60086
v 2.13205 2.36788 3.91979
v 2.36788 2.13205 3.91979
v 1.93990 2.15448 3.60086
v -1.91747 -1.72650 3.31370
v -2.34545 -1.70407 3.60086
v -2.08744 -1.51661 3.31370
v -4.02734 -0.42329 5.85862
v -4.09438 0.00000 6.28542
v -4.04952 0.00000 5.85862
v 0.69004 2.12373 9.93855
v 0.57519 1.77026 10.15313
v 0.75708 1.70044 10.15313
v 3.47433 -1.12888 8.36136
v 3.14127 -1.39858 8.73302
v 3.33730 -1.48586 8.36136
v -3.76647 -1.22380 7.56116
v 3.74404 -0.79582 7.96931
v -3.74404 -0.79582 5.03069
v -3.80671 -0.40010 5.03069
v -3.63311 -0.38186 4.63864
v -1.26523 -3.89399 6.28542
v -1.66533 -3.74040 6.28542
v -1.25137 -3.85132 5.85862
v 4.09438 0.00000 6.71458
v 4.02734 -0.42329 7.14138
v 4.07195 -0.42798 6.71458
v 3.42972 1.98015 5.43884
v 3.09666 2.24985 5.03069
v 3.20395 2.32780 5.43884
v -1.71927 -2.97787 8.73302
v -1.82656 -3.16370 8.36136
v -1.48586 -3.33730 8.36136
v -3.76647 1.22380 7.56116
v -3.87375 0.82339 7.56116
v -3.74404 0.79582 7.96931
v 0.33306 -3.16884 3.91979
v 0.30304 -2.88326 3.60086
v 0.66247 -3.11667 3.91979
v -2.32780 -3.20395 7.56116
v -2.38025 -3.27613 7.14138
v -1.98015 -3.42972 7.56116
v -0.86364 1.18869 10.32768
v -1.24549 1.38326 10.15313
v -0.98316 1.09191 10.32768
v -1.08980 1.88758 3.03060
v -1.11651 1.93385 3.06145
v -1.18654 1.82476 3.03060
v -1.31254 1.80655 3.06145
v -1.25764 1.77858 3.03060
v 0.00000 2.58021 9.68630
v -0.30304 2.88326 9.39914
v -0.26970 2.56608 9.68630
v -1.46126 -0.15358 10.32768
v -1.85116 -0.19456 10.15313
v -1.43720 -0.30549 10.32768
v 3.64034 1.18282 7.96931
v 3.74404 0.79582 7.96931
v 3.04272 2.73968 6.71458
v 3.00938 2.70966 7.14138
v 3.27613 2.38025 7.14138
v 1.66533 3.74040 6.71458
v 1.25137 3.85132 7.14138
v 1.64709 3.69942 7.14138
v 2.95544 2.14725 8.36136
v 2.55534 2.30084 8.73302
v 2.78184 2.02113 8.73302
v -0.21340 -0.02243 10.59438
v -0.63787 -0.06704 10.54952
v -0.62737 -0.13335 10.54952
v -0.90825 -2.03996 9.93855
v -1.29011 -2.23453 9.68630
v -1.04947 -2.35714 9.68630
v -2.02476 -3.50699 7.14138
v -2.40662 -3.31242 6.71458
v -2.04719 -3.54584 6.71458
v 0.79582 -3.74404 5.03069
v 0.75953 -3.57330 4.63864
v 1.12888 -3.47433 4.63864
v 0.90825 2.03996 9.93855
v 4.00491 0.85127 6.71458
v 3.89399 1.26523 6.71458
v 3.96103 0.84194 7.14138
v 2.35714 -1.04947 3.31370
v 2.03996 -0.90825 3.06145
v 2.45393 -0.79733 3.31370
v -0.69004 -2.12373 9.93855
v -0.79733 -2.45393 9.68630
v 2.75724 0.89588 3.60086
v 2.64849 1.17918 3.60086
v 3.03035 0.98462 3.91979
v -2.88326 -0.30304 3.60086
v -2.89914 0.00000 3.60086
v -2.58021 0.00000 3.31370
v 3.00938 -2.70966 5.85862
v 2.94307 -2.64995 5.43884
v 3.27613 -2.38025 5.85862
v 1.70407 -2.34545 9.39914
v 1.44957 -2.51073 9.39914
v 1.87286 -2.57777 9.08021
v 3.76647 -1.22380 5.43884
v 3.49676 -1.55686 5.03069
v 3.64034 -1.18282 5.03069
v 0.89588 2.75724 9.39914
v 0.60276 2.83578 9.39914
v 0.79733 2.45393 9.68630
v -1.05534 -0.11092 10.46030
v 0.00000 -2.58021 3.31370
v -0.26970 -2.56608 3.31370
v -0.23341 -2.22079 3.06145
v -0.79582 -3.74404 5.03069
v -1.22380 -3.76647 5.43884
v -1.18282 -3.64034 5.03069
v -3.89399 -1.26523 6.28542
v -3.96103 -0.84194 5.85862
v -3.85132 -1.25137 5.85862
v -3.33730 -1.48586 4.63864
v -3.49676 -1.55686 5.03069
v -3.47433 -1.12888 4.63864
v -1.80655 1.31254 3.06145
v -2.08744 1.51661 3.31370
v -1.91747 1.72650 3.31370
v -2.95544 2.14725 4.63864
v -3.16370 1.82656 4.63864
v -3.09666 2.24985 5.03069
v -0.79582 3.74404 5.03069
v -1.22380 3.76647 5.43884
v -0.82339 3.87375 5.43884
v -4.02734 -0.42329 7.14138
v -4.09438 0.00000 6.71458
v -4.07195 -0.42798 6.71458
v -0.84194 3.96103 5.85862
v -3.63311 0.38186 8.36136
v -3.80671 0.40010 7.96931
v -3.65313 0.00000 8.36136
v -2.83578 -0.60276 9.39914
v -3.11667 -0.66247 9.08021
v -3.03035 -0.98462 9.08021
v -2.58021 0.00000 9.68630
v -2.89914 0.00000 9.39914
v -2.88326 -0.30304 9.39914
v 0.79582 3.74404 7.96931
v 0.75953 3.57330 8.36136
v 1.12888 3.47433 8.36136
v 4.04952 0.00000 5.85862
v 3.96030 0.00000 5.43884
v 4.02734 0.42329 5.85862
v 1.87286 2.57777 3.91979
v 1.44957 2.51073 3.60086
v 1.59315 2.75941 3.91979
v 1.09408 -1.50587 10.15313
v 0.86364 -1.18869 10.32768
v 0.93068 -1.61199 10.15313
v 2.83578 0.60276 9.39914
v 2.52383 0.53646 9.68630
v 2.88326 0.30304 9.39914
v -3.27613 2.38025 7.14138
v -1.12888 3.47433 8.36136
v -1.55686 3.49676 7.96931
v -1.48586 3.33730 8.36136
v 3.16370 1.82656 4.63864
v 3.31487 1.91384 5.03069
v 2.02476 3.50699 5.85862
v 1.64709 3.69942 5.85862
v 1.66533 3.74040 6.28542
v 3.14127 1.39858 8.73302
v 2.91083 1.29598 9.08021
v 3.03035 0.98462 9.08021
v 3.18630 0.00000 9.08021
v 2.88326 -0.30304 9.39914
v 3.16884 -0.33306 9.08021
v 2.97787 1.71927 4.26698
v 2.95544 2.14725 4.63864
v -3.04272 -2.73968 6.71458
v -2.70966 -3.00938 7.14138
v -3.00938 -2.70966 7.14138
v -2.73968 -3.04272 6.71458
v 2.02113 -2.78184 8.73302
v 1.71927 -2.97787 8.73302
v 2.14725 -2.95544 8.36136
v -1.34228 -0.59762 10.32768
v -1.70044 -0.75708 10.15313
v -2.23302 0.00000 9.93855
v -2.22079 -0.23341 9.93855
v -2.12373 -0.69004 9.93855
v -2.45393 -0.79733 9.68630
v -2.03996 -0.90825 9.93855
v -3.96103 -0.84194 7.14138
v -3.85132 -1.25137 7.14138
v -1.72650 -1.91747 3.31370
v -1.65946 -1.49418 3.06145
v -1.49418 -1.65946 3.06145
v -2.57777 -1.87286 3.91979
v -2.97787 -1.71927 4.26698
v -2.75941 -1.59315 3.91979
v 2.84452 -2.56122 5.03069
v 2.71480 -2.44442 4.63864
v 3.09666 -2.24985 5.03069
v 2.64995 -2.94307 7.56116
v 3.00938 -2.70966 7.14138
v 2.94307 -2.64995 7.56116
v 2.70966 -3.00938 7.14138
v 2.91083 -1.29598 3.91979
v 2.64849 -1.17918 3.60086
v 3.03035 -0.98462 3.91979
v 2.57777 -1.87286 3.91979
v 2.51073 -1.44957 3.60086
v 2.75941 -1.59315 3.91979
v 0.46427 -2.18422 3.06145
v 0.34176 -2.14961 3.03060
v 0.42550 -2.13634 3.03060
v 0.23341 -2.22079 3.06145
v 0.22783 -2.16765 3.03060
v 1.25137 -3.85132 5.85862
v 1.22380 -3.76647 5.43884
v 1.64709 -3.69942 5.85862
v -0.38186 -3.63311 8.36136
v -0.40010 -3.80671 7.96931
v 0.00000 -3.65313 8.36136
v 2.52383 -0.53646 9.68630
v 2.83578 -0.60276 9.39914
v 3.57330 -0.75953 8.36136
v 3.36341 -0.71491 8.73302
v 2.35714 -1.04947 9.68630
v 2.03996 -0.90825 9.93855
v 2.45393 -0.79733 9.68630
v 2.75724 -0.89588 9.39914
v -3.27613 -2.38025 7.14138
v -3.31242 -2.40662 6.71458
v 0.00000 -4.09438 6.28542
v 0.42798 -4.07195 6.71458
v 0.00000 -4.09438 6.71458
v 0.42798 -4.07195 6.28542
v -2.71480 -2.44442 4.63864
v -2.56122 -2.84452 5.03069
v -2.84452 -2.56122 5.03069
v -2.44442 -2.71480 4.63864
v -2.15448 1.93990 3.60086
v -2.57777 1.87286 3.91979
v -2.36788 2.13205 3.91979
v -1.50587 1.09408 10.15313
v -1.61199 0.93068 10.15313
v -1.18869 0.86364 10.32768
v -1.39858 3.14127 4.26698
v -1.06257 3.27025 4.26698
v -1.55686 3.49676 5.03069
v -1.61080 3.61791 5.43884
v -3.42972 1.98015 5.43884
v -3.50699 2.02476 5.85862
v -3.27613 2.38025 5.85862
v -3.47433 1.12888 4.63864
v -3.74404 0.79582 5.03069
v -3.64034 1.18282 5.03069
v -2.02476 3.50699 5.85862
v -2.04719 3.54584 6.28542
v -1.66533 3.74040 6.28542
v -3.00938 2.70966 5.85862
v -3.04272 2.73968 6.28542
v -3.50699 -2.02476 5.85862
v -3.74040 -1.66533 6.28542
v -3.69942 -1.64709 5.85862
v -0.43161 0.96942 10.46030
v -0.53058 0.91899 10.46030
v -0.26087 0.58593 10.54952
v -2.18422 -0.46427 9.93855
v -0.06704 0.63787 10.54952
v -0.13335 0.62737 10.54952
v -0.02243 0.21340 10.59438
v -1.87286 2.57777 9.08021
v -2.13205 2.36788 9.08021
v -1.93990 2.15448 9.39914
v -3.96103 0.84194 7.14138
v -1.71927 2.97787 8.73302
v -2.14725 2.95544 8.36136
v -2.02113 2.78184 8.73302
v 0.34176 2.14961 3.03060
v 0.46427 2.18422 3.06145
v 0.42550 2.13634 3.03060
v 0.23341 2.22079 3.06145
v 0.22783 2.16765 3.03060
v 1.80655 1.31254 3.06145
v 1.65946 1.49418 3.06145
v 1.91747 1.72650 3.31370
v 3.16884 0.33306 3.91979
v 2.88326 0.30304 3.60086
v 3.11667 0.66247 3.91979
v 1.70044 0.75708 10.15313
v 1.39740 0.45404 10.32768
v 1.77026 0.57519 10.15313
v 0.62373 0.85849 10.46030
v 0.42917 0.47664 10.54952
v 0.71005 0.78859 10.46030
v 0.62737 0.13335 10.54952
v 0.20407 0.06631 10.59438
v 0.20989 0.04461 10.59438
v 1.82069 0.38700 10.15313
v 1.43720 0.30549 10.32768
v 1.85116 0.19456 10.15313
v 0.40010 3.80671 5.03069
v 0.00000 3.96030 5.43884
v 0.41396 3.93860 5.43884
v 3.65313 0.00000 4.63864
v 3.41971 0.35943 4.26698
v 3.63311 0.38186 4.63864
v 2.10211 0.56458 3.03060
v 2.18422 0.46427 3.06145
v 2.12471 0.48022 3.03060
v 2.12373 0.69004 3.06145
v 2.07292 0.67353 3.03060
v 2.30084 2.55534 4.26698
v 2.02113 2.78184 4.26698
v 1.71927 2.97787 4.26698
v 1.48586 3.33730 4.63864
v 1.82656 3.16370 4.63864
v 3.80671 0.40010 7.96931
v 3.63311 0.38186 8.36136
v 3.65313 0.00000 8.36136
v 3.42972 1.98015 7.56116
v 3.09666 2.24985 7.96931
v 3.31487 1.91384 7.96931
v 1.29598 2.91083 9.08021
v 0.98462 3.03035 9.08021
v 1.17918 2.64849 9.39914
v 1.06257 3.27025 8.73302
v 0.71491 3.36341 8.73302
v 2.57777 1.87286 9.08021
v 2.97787 1.71927 8.73302
v 2.02476 3.50699 7.14138
v 1.98015 3.42972 7.56116
v 2.38025 3.27613 7.14138
v 2.14725 2.95544 4.63864
v 0.85127 4.00491 6.28542
v 0.42329 4.02734 5.85862
v 0.42798 4.07195 6.28542
v 1.17918 2.64849 3.60086
v 0.79733 2.45393 3.31370
v 0.89588 2.75724 3.60086
v 1.98015 3.42972 5.43884
v 1.55686 3.49676 5.03069
v 1.61080 3.61791 5.43884
v -3.18630 0.00000 9.08021
v 0.00000 -0.64138 10.54952
v 0.00000 -1.06116 10.46030
v 0.11092 -1.05534 10.46030
v 0.98462 -3.03035 9.08021
v 0.60276 -2.83578 9.39914
v 0.66247 -3.11667 9.08021
v -1.65946 -1.49418 9.93855
v -1.72650 -1.91747 9.68630
v -1.49418 -1.65946 9.93855
v -1.91747 -1.72650 9.68630
v 1.61080 -3.61791 5.43884
v 0.71491 -3.36341 8.73302
v 0.33306 -3.16884 9.08021
v 0.35943 -3.41971 8.73302
v -3.69942 -1.64709 7.14138
v -3.74040 -1.66533 6.71458
v -3.50699 -2.02476 7.14138
v -3.76647 -1.22380 5.43884
v -3.64034 -1.18282 5.03069
v -3.49676 -1.55686 7.96931
v -3.61791 -1.61080 7.56116
v -3.96030 0.00000 7.56116
v -3.93860 -0.41396 7.56116
v -4.00491 -0.85127 6.71458
v 3.41971 0.35943 8.73302
v 3.43855 0.00000 8.73302
v 2.52383 -0.53646 3.31370
v 2.22079 -0.23341 3.06145
v 2.56608 -0.26970 3.31370
v 3.93860 0.41396 7.56116
v 4.02734 0.42329 7.14138
v 1.91747 -1.72650 3.31370
v 1.65946 -1.49418 3.06145
v 1.80655 -1.31254 3.06145
v -3.03035 0.98462 3.91979
v -3.14127 1.39858 4.26698
v -2.91083 1.29598 3.91979
v 1.44957 -2.51073 3.60086
v 1.29011 -2.23453 3.31370
v 1.70407 -2.34545 3.60086
v -1.72650 1.91747 3.31370
v -1.93990 2.15448 3.60086
v -1.70407 2.34545 3.60086
v -3.03035 -0.98462 3.91979
v -3.36341 -0.71491 4.26698
v -3.11667 -0.66247 3.91979
v 1.82656 -3.16370 4.63864
v 1.71927 -2.97787 4.26698
v 2.14725 -2.95544 4.63864
v 4.04952 0.00000 7.14138
v 3.96030 0.00000 7.56116
v 3.82768 0.00000 7.96931
v 3.74040 1.66533 6.71458
v 3.85132 1.25137 7.14138
v 0.46427 -2.18422 9.93855
v 0.19456 -1.85116 10.15313
v 0.23341 -2.22079 9.93855
v 1.66533 -3.74040 6.71458
v 1.25137 -3.85132 7.14138
v 1.26523 -3.89399 6.71458
v 1.91384 -3.31487 7.96931
v 1.55686 -3.49676 7.96931
v 1.98015 -3.42972 7.56116
v 1.06257 -3.27025 8.73302
v 2.18422 -0.46427 9.93855
v -3.20395 -2.32780 7.56116
v -3.42972 -1.98015 7.56116
v -0.41396 -3.93860 7.56116
v -0.42329 -4.02734 7.14138
v 0.00000 -3.96030 7.56116
v -1.55686 -3.49676 7.96931
v -1.61080 -3.61791 7.56116
v -1.98015 -3.42972 5.43884
v -2.24985 -3.09666 5.03069
v -1.91384 -3.31487 5.03069
v -0.85127 -4.00491 6.71458
v -1.26523 -3.89399 6.71458
v -0.85127 -4.00491 6.28542
v -2.94307 -2.64995 5.43884
v -2.64995 -2.94307 5.43884
v -3.31242 -2.40662 6.28542
v -3.54584 -2.04719 6.71458
v -3.54584 -2.04719 6.28542
v -2.56608 -0.26970 3.31370
v -3.33730 1.48586 4.63864
v -3.49676 1.55686 5.03069
v -4.00491 0.85127 6.71458
v -4.02734 0.42329 7.14138
v -3.87375 -0.82339 5.43884
v -2.88326 0.30304 3.60086
v -3.16884 0.33306 3.91979
v -3.11667 0.66247 3.91979
v -3.41971 0.35943 4.26698
v -3.36341 0.71491 4.26698
v -2.51073 -1.44957 3.60086
v -2.91083 -1.29598 3.91979
v -2.64849 -1.17918 3.60086
v -3.27613 -2.38025 5.85862
v -3.20395 -2.32780 5.43884
v -0.75953 3.57330 4.63864
v -0.35943 3.41971 4.26698
v -1.12888 3.47433 4.63864
v -3.93860 -0.41396 5.43884
v -3.96030 0.00000 5.43884
v -2.40662 3.31242 6.28542
v -3.76647 1.22380 5.43884
v -2.32780 3.20395 5.43884
v -2.38025 3.27613 5.85862
v -1.98015 3.42972 5.43884
v -0.85127 4.00491 6.28542
v -1.26523 3.89399 6.28542
v -0.42329 4.02734 5.85862
v 0.93068 1.61199 10.15313
v 0.86364 1.18869 10.32768
v 1.09408 1.50587 10.15313
v -1.25137 3.85132 7.14138
v -1.22380 3.76647 7.56116
v -2.88326 0.30304 9.39914
v -2.95544 -2.14725 8.36136
v -3.16370 -1.82656 8.36136
v -3.09666 -2.24985 7.96931
v -1.70407 -2.34545 9.39914
v -1.87286 -2.57777 9.08021
v -1.44957 -2.51073 9.39914
v -1.46126 0.15358 10.32768
v -1.46931 0.00000 10.32768
v -1.05534 0.11092 10.46030
v -1.82069 0.38700 10.15313
v -2.18422 0.46427 9.93855
v -1.85116 0.19456 10.15313
v -2.35714 1.04947 9.68630
v -2.45393 0.79733 9.68630
v -2.03996 0.90825 9.93855
v -3.16884 0.33306 9.08021
v -0.58593 0.26087 10.54952
v -0.60999 0.19820 10.54952
v -0.20407 0.06631 10.59438
v 0.45404 1.39740 10.32768
v 0.59762 1.34228 10.32768
v -3.03035 0.98462 9.08021
v -3.36341 0.71491 8.73302
v -3.11667 0.66247 9.08021
v -2.52383 0.53646 9.68630
v -2.22079 0.23341 9.93855
v -0.79733 2.45393 3.31370
v -1.17918 2.64849 3.60086
v -0.89588 2.75724 3.60086
v 1.36879 1.69235 3.03060
v 1.49418 1.65946 3.06145
v 1.45843 1.61975 3.03060
v 1.31254 1.80655 3.06145
v 1.30290 1.74570 3.03060
v 0.00000 2.17959 3.03060
v -0.02797 2.17813 3.03060
v 0.00000 2.23302 3.06145
v 2.23302 0.00000 3.06145
v 2.17813 -0.02797 3.03060
v 2.17959 0.00000 3.03060
v 0.00000 1.46931 10.32768
v -0.19456 1.85116 10.15313
v -0.15358 1.46126 10.32768
v 1.05534 0.11092 10.46030
v 1.46126 0.15358 10.32768
v 2.75941 1.59315 9.08021
v 1.31254 1.80655 9.93855
v 1.24549 1.38326 10.15313
v 1.49418 1.65946 9.93855
v -1.70407 2.34545 9.39914
v -3.33730 1.48586 8.36136
v -3.47433 1.12888 8.36136
v -3.14127 1.39858 8.73302
v -0.93068 1.61199 10.15313
v -1.09408 1.50587 10.15313
v 0.78859 0.71005 10.46030
v 0.47664 0.42917 10.54952
v 0.85849 0.62373 10.46030
v 2.70966 3.00938 7.14138
v 2.64995 2.94307 7.56116
v 2.40662 3.31242 6.28542
v 2.04719 3.54584 6.28542
v 2.04719 3.54584 6.71458
v 2.40662 3.31242 6.71458
v -0.41396 3.93860 7.56116
v -0.79582 3.74404 7.96931
v -0.40010 3.80671 7.96931
v 2.84452 2.56122 5.03069
v 2.94307 2.64995 5.43884
v 3.74404 -0.79582 5.03069
v 3.57330 -0.75953 4.63864
v 3.63311 -0.38186 4.63864
v 3.57330 0.75953 4.63864
v 2.64995 2.94307 5.43884
v 2.24985 3.09666 5.03069
v 2.32780 3.20395 5.43884
v 3.76647 1.22380 7.56116
v 4.09438 0.00000 6.28542
v 2.56122 2.84452 5.03069
v 2.73968 3.04272 6.28542
v 2.73968 3.04272 6.71458
v 3.04272 2.73968 6.28542
v 2.24985 3.09666 7.96931
v 2.56122 2.84452 7.96931
v 3.36341 0.71491 8.73302
v 3.11667 0.66247 9.08021
v 2.44442 2.71480 8.36136
v 2.13205 2.36788 9.08021
v 2.15448 1.93990 9.39914
v 2.36788 2.13205 9.08021
v 1.93990 2.15448 9.39914
v 1.70044 -0.75708 10.15313
v 1.61199 -0.93068 10.15313
v 2.14725 2.95544 8.36136
v 1.71927 2.97787 8.73302
v 2.02113 2.78184 8.73302
v 1.91384 3.31487 7.96931
v 2.30084 2.55534 8.73302
v 1.25137 3.85132 5.85862
v 1.91384 3.31487 5.03069
v 1.18282 3.64034 5.03069
v 0.79582 3.74404 5.03069
v 1.22380 3.76647 5.43884
v 0.82339 3.87375 5.43884
v -0.40010 3.80671 5.03069
v -0.41396 3.93860 5.43884
v -0.60276 2.83578 3.60086
v 1.04947 2.35714 3.31370
v -0.98462 -3.03035 9.08021
v -1.06257 -3.27025 8.73302
v -0.71491 -3.36341 8.73302
v -0.84194 -3.96103 7.14138
v -2.75724 -0.89588 9.39914
v -3.63311 -0.38186 8.36136
v -3.57330 -0.75953 8.36136
v 1.06116 0.00000 10.46030
v 1.05534 -0.11092 10.46030
v 1.46931 0.00000 10.32768
v 1.34228 0.59762 10.32768
v 1.00922 0.32792 10.46030
v 0.00000 -2.23302 9.93855
v -2.94307 -2.64995 7.56116
v -2.56122 -2.84452 7.96931
v -2.84452 -2.56122 7.96931
v -2.64995 -2.94307 7.56116
v 0.00000 -3.82768 7.96931
v 1.66533 -3.74040 6.28542
v 2.04719 -3.54584 6.71458
v 2.04719 -3.54584 6.28542
v 0.42329 -4.02734 5.85862
v -2.02476 -3.50699 5.85862
v -1.64709 -3.69942 5.85862
v -3.89399 -1.26523 6.71458
v -3.87375 -0.82339 7.56116
v -3.31487 -1.91384 7.96931
v -3.42972 1.98015 7.56116
v -3.61791 1.61080 7.56116
v -3.49676 1.55686 7.96931
v 2.97787 -1.71927 4.26698
v 3.14127 -1.39858 4.26698
v 3.96103 -0.84194 7.14138
v 3.85132 -1.25137 7.14138
v 3.03035 -0.98462 9.08021
v 4.00491 -0.85127 6.71458
v 4.07195 -0.42798 6.28542
v 4.00491 -0.85127 6.28542
v 0.71491 -3.36341 4.26698
v 0.98462 -3.03035 3.91979
v 2.40662 -3.31242 6.71458
v 2.40662 -3.31242 6.28542
v 2.95544 -2.14725 4.63864
v 2.55534 -2.30084 4.26698
v 2.78184 -2.02113 4.26698
v 3.33730 -1.48586 4.63864
v 2.36788 -2.13205 3.91979
v 2.23453 -1.29011 3.31370
v 2.75724 -0.89588 3.60086
v 3.85132 1.25137 5.85862
v 3.74040 1.66533 6.28542
v 3.89399 1.26523 6.28542
v 3.80671 0.40010 5.03069
v 2.75941 1.59315 3.91979
v 2.51073 1.44957 3.60086
v 0.60276 -2.83578 3.60086
v 0.53646 -2.52383 3.31370
v 1.06257 -3.27025 4.26698
v 1.39858 -3.14127 4.26698
v -2.83578 -0.60276 3.60086
v -2.52383 -0.53646 3.31370
v -3.14127 -1.39858 4.26698
v -3.27025 -1.06257 4.26698
v -3.65313 0.00000 4.63864
v -3.80671 0.40010 5.03069
v -3.63311 0.38186 4.63864
v -2.13196 0.45316 3.03060
v -2.18422 0.46427 3.06145
v -2.12471 0.48022 3.03060
v -2.64849 1.17918 3.60086
v -2.51073 1.44957 3.60086
v -2.03996 0.90825 3.06145
v -2.23453 1.29011 3.31370
v -1.93385 1.11651 3.06145
v 2.15448 -1.93990 3.60086
v 0.35943 -3.41971 4.26698
v 2.30084 -2.55534 4.26698
v 2.13205 -2.36788 3.91979
v 3.16884 0.33306 9.08021
v 2.89914 0.00000 9.39914
v 3.41971 -0.35943 8.73302
v 3.54584 -2.04719 6.71458
v 3.74040 -1.66533 6.28542
v 3.74040 -1.66533 6.71458
v 3.54584 -2.04719 6.28542
v 1.48586 -3.33730 8.36136
v 1.12888 -3.47433 8.36136
v 0.38700 -1.82069 10.15313
v -0.66247 -3.11667 9.08021
v 2.56608 0.26970 9.68630
v 2.22079 0.23341 9.93855
v 2.58021 0.00000 9.68630
v 2.12373 0.69004 9.93855
v 2.18422 0.46427 9.93855
v 2.75941 -1.59315 9.08021
v 2.57777 -1.87286 9.08021
v 2.97787 -1.71927 8.73302
v 3.11667 -0.66247 9.08021
v 3.63311 -0.38186 8.36136
v 1.18282 -3.64034 7.96931
v 0.79582 -3.74404 7.96931
v 1.22380 -3.76647 7.56116
v -1.22380 -3.76647 7.56116
v -1.25137 -3.85132 7.14138
v -1.64709 -3.69942 7.14138
v 0.38186 -3.63311 8.36136
v 0.40010 -3.80671 7.96931
v -2.32780 -3.20395 5.43884
v -2.14725 -2.95544 8.36136
v -2.44442 -2.71480 8.36136
v -2.24985 -3.09666 7.96931
v -2.40662 -3.31242 6.28542
v -2.04719 -3.54584 6.28542
v -1.51661 2.08744 3.31370
v -1.29011 2.23453 3.31370
v -2.75941 1.59315 3.91979
v -2.97787 1.71927 4.26698
v -2.55534 2.30084 4.26698
v -2.78184 2.02113 4.26698
v -3.82768 0.00000 5.03069
v -3.57330 0.75953 4.63864
v -4.00491 -0.85127 6.28542
v -4.00491 0.85127 6.28542
v -3.89399 1.26523 6.71458
v -3.89399 1.26523 6.28542
v -2.71480 2.44442 4.63864
v -2.84452 2.56122 5.03069
v -3.18630 0.00000 3.91979
v -3.57330 -0.75953 4.63864
v -1.25137 3.85132 5.85862
v 0.00000 4.04952 5.85862
v 0.00000 4.09438 6.28542
v 0.00000 3.82768 5.03069
v -0.53646 2.52383 3.31370
v -2.30084 2.55534 4.26698
v -2.13205 2.36788 3.91979
v -3.27025 1.06257 8.73302
v -3.85132 1.25137 7.14138
v -2.40662 3.31242 6.71458
v -2.73968 3.04272 6.28542
v -2.70966 3.00938 5.85862
v -0.82339 3.87375 7.56116
v 0.00000 3.96030 7.56116
v -0.42329 4.02734 7.14138
v -0.71491 3.36341 8.73302
v -1.06257 3.27025 8.73302
v -2.38025 3.27613 7.14138
v -2.64995 2.94307 7.56116
v -2.32780 3.20395 7.56116
v -3.16884 -0.33306 9.08021
v -3.41971 -0.35943 8.73302
v -3.36341 -0.71491 8.73302
v -1.59315 2.75941 9.08021
v -2.64849 -1.17918 9.39914
v -2.91083 -1.29598 9.08021
v -3.64034 1.18282 7.96931
v -2.35714 -1.04947 9.68630
v -2.23453 -1.29011 9.68630
v -3.14127 -1.39858 8.73302
v -1.59315 -2.75941 9.08021
v -1.29598 -2.91083 9.08021
v 1.49418 -1.65946 9.93855
v 1.31254 -1.80655 9.93855
v 1.72650 -1.91747 9.68630
v -1.86136 0.00000 10.15313
v -1.06116 0.00000 10.46030
v -0.64138 0.00000 10.54952
v -2.08744 1.51661 9.68630
v -2.23453 1.29011 9.68630
v -1.80655 1.31254 9.93855
v -3.57330 0.75953 8.36136
v -2.83578 0.60276 9.39914
v 0.00000 3.43855 4.26698
v 0.00000 3.65313 4.63864
v -2.34545 1.70407 3.60086
v -0.30304 2.88326 3.60086
v -0.33306 3.16884 3.91979
v 0.00000 3.18630 3.91979
v 0.60276 2.83578 3.60086
v 1.29598 2.91083 3.91979
v 1.39858 3.14127 4.26698
v 2.52383 0.53646 3.31370
v 2.45393 0.79733 3.31370
v 1.72650 1.91747 3.31370
v 0.21340 0.02243 10.59438
v 1.03797 0.22063 10.46030
v 1.27246 -0.73465 10.32768
v 1.18869 -0.86364 10.32768
v 0.55545 0.32069 10.54952
v 0.19603 0.08728 10.59438
v 0.58593 0.26087 10.54952
v 0.98316 1.09191 10.32768
v -0.46427 2.18422 9.93855
v -0.38700 1.82069 10.15313
v 1.91747 1.72650 9.68630
v 1.65946 1.49418 9.93855
v 1.80655 1.31254 9.93855
v -0.53646 2.52383 9.68630
v -0.79733 2.45393 9.68630
v 0.30304 2.88326 9.39914
v 0.53646 2.52383 9.68630
v -1.00922 0.32792 10.46030
v -1.03797 0.22063 10.46030
v -0.62737 0.13335 10.54952
v 0.19820 0.60999 10.54952
v 0.06631 0.20407 10.59438
v 0.26087 0.58593 10.54952
v -2.44442 2.71480 8.36136
v -2.30084 2.55534 8.73302
v -2.75724 0.89588 9.39914
v -1.09191 0.98316 10.32768
v -0.85849 0.62373 10.46030
v -0.30549 1.43720 10.32768
v -0.57519 1.77026 10.15313
v -0.45404 1.39740 10.32768
v 1.61080 3.61791 7.56116
v 1.55686 3.49676 7.96931
v 2.94307 2.64995 7.56116
v 1.26523 3.89399 6.71458
v 1.12888 3.47433 4.63864
v 0.71491 3.36341 4.26698
v 0.75953 3.57330 4.63864
v 2.44442 2.71480 4.63864
v 2.71480 2.44442 4.63864
v 2.70966 3.00938 5.85862
v 2.38025 3.27613 5.85862
v 3.74404 0.79582 5.03069
v 3.47433 1.12888 4.63864
v 3.64034 1.18282 5.03069
v 3.76647 1.22380 5.43884
v 3.80671 -0.40010 7.96931
v 1.93385 1.11651 9.93855
v 1.61199 0.93068 10.15313
v 2.03996 0.90825 9.93855
v 2.71480 2.44442 8.36136
v 3.69942 1.64709 7.14138
v 2.84452 2.56122 7.96931
v 1.87286 2.57777 9.08021
v 0.33306 3.16884 9.08021
v 0.66247 3.11667 9.08021
v 1.27246 0.73465 10.32768
v 1.22380 3.76647 7.56116
v 1.82656 3.16370 8.36136
v 1.04947 2.35714 9.68630
v 1.29011 2.23453 9.68630
v 1.51661 2.08744 9.68630
v 1.72650 1.91747 9.68630
v 1.18282 3.64034 7.96931
v 3.16370 1.82656 8.36136
v 0.66247 3.11667 3.91979
v 0.33306 3.16884 3.91979
v 1.11651 1.93385 3.06145
v 1.29011 2.23453 3.31370
v 2.34545 1.70407 3.60086
v -2.51073 -1.44957 9.39914
v -2.75941 -1.59315 9.08021
v -2.57777 -1.87286 9.08021
v -0.85849 -0.62373 10.46030
v -1.09191 -0.98316 10.32768
v -0.78859 -0.71005 10.46030
v -3.27025 -1.06257 8.73302
v -2.02113 -2.78184 8.73302
v -2.52383 -0.53646 9.68630
v 0.96942 0.43161 10.46030
v 0.04461 -0.20989 10.59438
v 0.02243 -0.21340 10.59438
v 0.13335 -0.62737 10.54952
v 1.93385 -1.11651 9.93855
v 0.85127 -4.00491 6.28542
v 0.85127 -4.00491 6.71458
v 1.26523 -3.89399 6.28542
v 1.18282 -3.64034 5.03069
v 1.55686 -3.49676 5.03069
v 2.02476 -3.50699 7.14138
v 1.64709 -3.69942 7.14138
v 1.29598 -2.91083 9.08021
v 1.59315 -2.75941 9.08021
v 2.24985 -3.09666 7.96931
v 2.38025 -3.27613 7.14138
v -3.80671 -0.40010 7.96931
v 3.93860 -0.41396 7.56116
v 3.87375 -0.82339 7.56116
v 2.64849 -1.17918 9.39914
v 0.15358 -1.46126 10.32768
v 0.00000 -1.46931 10.32768
v 3.04272 -2.73968 6.71458
v 2.73968 -3.04272 6.71458
v 2.02476 -3.50699 5.85862
v 2.24985 -3.09666 5.03069
v 2.70966 -3.00938 5.85862
v 2.38025 -3.27613 5.85862
v 2.64995 -2.94307 5.43884
v 3.16370 -1.82656 4.63864
v 3.47433 -1.12888 4.63864
v 3.80671 -0.40010 5.03069
v 3.82768 0.00000 5.03069
v 2.02113 -2.78184 4.26698
v 1.87286 -2.57777 3.91979
v 1.97844 -0.91148 3.03060
v 1.99116 -0.88652 3.03060
v 1.76333 -1.28113 3.03060
v 1.77858 -1.25764 3.03060
v 2.08744 -1.51661 3.31370
v 2.12373 -0.69004 3.06145
v 2.83578 0.60276 3.60086
v 3.27613 2.38025 5.85862
v 3.50699 2.02476 5.85862
v 3.11667 -0.66247 3.91979
v 2.88326 -0.30304 3.60086
v 3.16884 -0.33306 3.91979
v 2.83578 -0.60276 3.60086
v 1.04947 -2.35714 3.31370
v 0.90825 -2.03996 3.06145
v 0.79733 -2.45393 3.31370
v -1.55686 -3.49676 5.03069
v -1.82656 -3.16370 4.63864
v -1.48586 -3.33730 4.63864
v -1.44957 -2.51073 3.60086
v -1.70407 -2.34545 3.60086
v -1.29011 -2.23453 3.31370
v -2.30084 -2.55534 4.26698
v -2.36788 -2.13205 3.91979
v -2.13205 -2.36788 3.91979
v -2.55534 -2.30084 4.26698
v -2.15448 -1.93990 3.60086
v -1.80655 -1.31254 3.06145
v -1.82476 -1.18654 3.03060
v -1.77858 -1.25764 3.03060
v -1.93385 -1.11651 3.06145
v -1.88758 -1.08980 3.03060
v -2.22079 0.23341 3.06145
v -2.56608 0.26970 3.31370
v -2.75724 0.89588 3.60086
v -2.52383 0.53646 3.31370
v -2.45393 0.79733 3.31370
v 1.17918 -2.64849 3.60086
v 0.84194 -3.96103 5.85862
v 0.82339 -3.87375 5.43884
v 1.29598 -2.91083 3.91979
v 1.93990 -2.15448 3.60086
v 3.57330 0.75953 8.36136
v 1.17918 -2.64849 9.39914
v 1.29011 -2.23453 9.68630
v 0.90825 -2.03996 9.93855
v 1.04947 -2.35714 9.68630
v 0.00000 -3.43855 8.73302
v -0.26970 -2.56608 9.68630
v -0.30304 -2.88326 9.39914
v 0.00000 -2.58021 9.68630
v 0.00000 -3.18630 9.08021
v 1.39858 -3.14127 8.73302
v 0.79733 -2.45393 9.68630
v 0.53646 -2.52383 9.68630
v 2.56608 -0.26970 9.68630
v 2.22079 -0.23341 9.93855
v 0.84194 -3.96103 7.14138
v -0.35943 -3.41971 8.73302
v -0.75953 -3.57330 8.36136
v -1.12888 -3.47433 8.36136
v -1.18282 -3.64034 7.96931
v -0.79582 -3.74404 7.96931
v -1.66533 -3.74040 6.71458
v 0.00000 -4.04952 7.14138
v 0.42329 -4.02734 7.14138
v -0.42798 -4.07195 6.71458
v -0.42798 -4.07195 6.28542
v -0.42329 -4.02734 5.85862
v 0.41396 -3.93860 5.43884
v -2.14725 -2.95544 4.63864
v -2.73968 -3.04272 6.28542
v -2.38025 -3.27613 5.85862
v -0.35943 -3.41971 4.26698
v -0.71491 -3.36341 4.26698
v -0.33306 -3.16884 3.91979
v 0.89588 -2.75724 3.60086
v -3.04272 -2.73968 6.28542
v -3.74040 1.66533 6.71458
v -3.74040 1.66533 6.28542
v -4.07195 -0.42798 6.28542
v -2.83578 0.60276 3.60086
v -3.41971 -0.35943 4.26698
v -3.43855 0.00000 4.26698
v -3.27025 1.06257 4.26698
v -3.93860 0.41396 5.43884
v -3.87375 0.82339 5.43884
v -3.16370 -1.82656 4.63864
v -3.42972 -1.98015 5.43884
v -3.61791 -1.61080 5.43884
v -2.56122 2.84452 5.03069
v -2.64995 2.94307 5.43884
v -2.24985 3.09666 5.03069
v -1.48586 3.33730 4.63864
v -1.64709 3.69942 5.85862
v -4.07195 0.42798 6.71458
v -2.71480 2.44442 8.36136
v -2.55534 2.30084 8.73302
v -2.94307 2.64995 7.56116
v -3.31242 2.40662 6.71458
v -3.61791 1.61080 5.43884
v -3.69942 1.64709 5.85862
v -0.42798 4.07195 6.71458
v 0.00000 4.09438 6.71458
v -0.42798 4.07195 6.28542
v 1.26523 3.89399 6.28542
v 0.85127 4.00491 6.71458
v 0.42329 4.02734 7.14138
v 0.84194 3.96103 7.14138
v -1.61080 3.61791 7.56116
v -1.98015 3.42972 7.56116
v -0.75953 3.57330 8.36136
v -2.24985 3.09666 7.96931
v -2.56122 2.84452 7.96931
v 0.00000 2.89914 9.39914
v -1.77026 0.57519 10.15313
v -1.43720 0.30549 10.32768
v -3.20395 2.32780 7.56116
v -2.56608 0.26970 9.68630
v -1.82069 -0.38700 10.15313
v -1.77026 -0.57519 10.15313
v -1.11651 -1.93385 9.93855
v -1.31254 -1.80655 9.93855
v -1.24549 -1.38326 10.15313
v -1.27246 0.73465 10.32768
v -0.42917 0.47664 10.54952
v -0.15946 0.14358 10.59438
v -0.14358 0.15946 10.59438
v -0.47664 0.42917 10.54952
v -2.12373 0.69004 9.93855
v -2.64849 1.17918 9.39914
v -3.82768 0.00000 7.96931
v -3.41971 0.35943 8.73302
v -0.90825 2.03996 3.06145
v -1.04947 2.35714 3.31370
v 0.53646 2.52383 3.31370
v 0.26970 2.56608 3.31370
v 0.30304 2.88326 3.60086
v 0.35943 3.41971 4.26698
v 0.90825 2.03996 3.06145
v 2.22079 0.23341 3.06145
v 2.12373 -0.69004 9.93855
v 1.09191 0.98316 10.32768
v 1.38326 1.24549 10.15313
v 0.43161 0.96942 10.46030
v 0.73465 1.27246 10.32768
v 1.18869 0.86364 10.32768
v 1.50587 1.09408 10.15313
v 0.46427 2.18422 9.93855
v -0.75708 1.70044 10.15313
v -0.59762 1.34228 10.32768
v 1.70407 2.34545 9.39914
v 0.00000 3.65313 8.36136
v -0.35943 3.41971 8.73302
v 0.00000 3.43855 8.73302
v 0.51889 0.37699 10.54952
v -0.11092 1.05534 10.46030
v 0.00000 1.06116 10.46030
v -0.62373 0.85849 10.46030
v -0.71005 0.78859 10.46030
v -0.91899 0.53058 10.46030
v 0.13335 0.62737 10.54952
v 0.02243 0.21340 10.59438
v 0.04461 0.20989 10.59438
v -1.70044 0.75708 10.15313
v -1.04947 2.35714 9.68630
v -1.29011 2.23453 9.68630
v -0.90825 2.03996 9.93855
v 0.35943 3.41971 8.73302
v -1.39858 3.14127 8.73302
v 0.84194 3.96103 5.85862
v 3.00938 2.70966 5.85862
v 3.31242 2.40662 6.28542
v 3.54584 2.04719 6.28542
v 3.96103 -0.84194 5.85862
v 3.87375 -0.82339 5.43884
v 3.93860 -0.41396 5.43884
v 3.49676 1.55686 5.03069
v 3.43855 0.00000 4.26698
v 3.61791 1.61080 5.43884
v 3.69942 1.64709 5.85862
v 3.96103 0.84194 5.85862
v 3.87375 0.82339 7.56116
v 2.84452 -2.56122 7.96931
v 2.35714 1.04947 9.68630
v 2.45393 0.79733 9.68630
v 3.61791 1.61080 7.56116
v 2.51073 1.44957 9.39914
v 2.23453 1.29011 9.68630
v 2.64849 1.17918 9.39914
v 2.34545 1.70407 9.39914
v 2.75724 0.89588 9.39914
v 1.48586 3.33730 8.36136
v 0.19456 1.85116 10.15313
v 0.15358 1.46126 10.32768
v -0.38186 3.63311 4.63864
v 2.23453 1.29011 3.31370
v 1.69235 1.36879 3.03060
v 1.74570 1.30290 3.03060
v 1.61975 1.45843 3.03060
v 1.70407 2.34545 3.60086
v -2.71480 -2.44442 8.36136
v -2.30084 -2.55534 8.73302
v -2.55534 -2.30084 8.73302
v -1.39858 -3.14127 8.73302
v -1.91384 -3.31487 7.96931
v -0.42917 -0.47664 10.54952
v -0.62373 -0.85849 10.46030
v -0.37699 -0.51889 10.54952
v -0.45404 -1.39740 10.32768
v -0.57519 -1.77026 10.15313
v -0.30549 -1.43720 10.32768
v -2.56608 -0.26970 9.68630
v 0.89588 -2.75724 9.39914
v -0.20407 -0.06631 10.59438
v -0.60999 -0.19820 10.54952
v -0.58593 -0.26087 10.54952
v -0.55545 -0.32069 10.54952
v 0.00000 -1.86136 10.15313
v -0.19456 -1.85116 10.15313
v 1.51661 -2.08744 9.68630
v 1.46126 -0.15358 10.32768
v 1.43720 -0.30549 10.32768
v 1.85116 -0.19456 10.15313
v 0.00000 -3.96030 5.43884
v -0.41396 -3.93860 5.43884
v -0.40010 -3.80671 5.03069
v -0.84194 -3.96103 5.85862
v 3.31242 -2.40662 6.28542
v 3.50699 -2.02476 5.85862
v 2.32780 -3.20395 7.56116
v 0.82339 -3.87375 7.56116
v 0.41396 -3.93860 7.56116
v 2.30084 -2.55534 8.73302
v 2.91083 -1.29598 9.08021
v 3.27025 -1.06257 8.73302
v 2.51073 -1.44957 9.39914
v 2.56122 -2.84452 7.96931
v 3.69942 -1.64709 7.14138
v 3.50699 -2.02476 7.14138
v 2.73968 -3.04272 6.28542
v 3.89399 -1.26523 6.28542
v 3.89399 -1.26523 6.71458
v 3.31487 -1.91384 5.03069
v 2.32780 -3.20395 5.43884
v 1.91384 -3.31487 5.03069
v 1.48586 -3.33730 4.63864
v 3.27025 -1.06257 4.26698
v 2.58021 0.00000 3.31370
v 2.56608 0.26970 3.31370
v 4.02734 -0.42329 5.85862
v 3.36341 -0.71491 4.26698
v 3.41971 -0.35943 4.26698
v 1.93995 -0.98702 3.03060
v 1.93385 -1.11651 3.06145
v 1.88758 -1.08980 3.03060
v 1.72650 -1.91747 3.31370
v 0.69004 -2.12373 3.06145
v 3.18630 0.00000 3.91979
v 3.36341 0.71491 4.26698
v 2.35714 1.04947 3.31370
v 2.03996 0.90825 3.06145
v 2.18422 -0.46427 3.06145
v 1.31254 -1.80655 3.06145
v 1.49418 -1.65946 3.06145
v 1.11651 -1.93385 3.06145
v -0.38186 -3.63311 4.63864
v -0.75953 -3.57330 4.63864
v -1.04947 -2.35714 3.31370
v -0.90825 -2.03996 3.06145
v -2.12471 -0.48022 3.03060
v -2.18422 -0.46427 3.06145
v -2.13196 -0.45316 3.03060
v -1.17918 -2.64849 3.60086
v -1.12888 -3.47433 4.63864
v -1.99116 0.88652 3.03060
v -2.03250 0.77883 3.03060
v -2.12373 0.69004 3.06145
v -2.06288 0.69968 3.03060
v -2.23302 0.00000 3.06145
v 3.27025 1.06257 8.73302
v 0.26970 -2.56608 9.68630
v -0.23341 -2.22079 9.93855
v 0.30304 -2.88326 9.39914
v -0.33306 -3.16884 9.08021
v 0.63787 0.06704 10.54952
v 0.64138 0.00000 10.54952
v -0.82339 -3.87375 5.43884
v -1.11651 -1.93385 3.06145
v -2.70966 -3.00938 5.85862
v -3.00938 -2.70966 5.85862
v -2.95544 -2.14725 4.63864
v -1.77858 1.25764 3.03060
v -1.76333 1.28113 3.03060
v -3.20395 2.32780 5.43884
v -3.85132 1.25137 5.85862
v -4.02734 0.42329 5.85862
v -3.96103 0.84194 5.85862
v -3.16884 -0.33306 3.91979
v -3.09666 -2.24985 5.03069
v -2.78184 -2.02113 4.26698
v -1.82656 3.16370 4.63864
v -1.18282 3.64034 5.03069
v -4.04952 0.00000 7.14138
v -3.93860 0.41396 7.56116
v -3.69942 1.64709 7.14138
v -2.84452 2.56122 7.96931
v -3.54584 2.04719 6.28542
v -3.31242 2.40662 6.28542
v -3.31487 1.91384 7.96931
v -3.50699 2.02476 7.14138
v -3.54584 2.04719 6.71458
v 0.00000 4.04952 7.14138
v -2.04719 3.54584 6.71458
v -1.66533 3.74040 6.71458
v -1.82656 3.16370 8.36136
v -1.91384 3.31487 7.96931
v -1.00922 -0.32792 10.46030
v -1.39740 -0.45404 10.32768
v -2.08744 -1.51661 9.68630
v -2.34545 -1.70407 9.39914
v -0.59762 -1.34228 10.32768
v -0.75708 -1.70044 10.15313
v -1.39740 0.45404 10.32768
v -3.43855 0.00000 8.73302
v -2.34545 1.70407 9.39914
v -2.51073 1.44957 9.39914
v -2.15448 1.93990 9.39914
v -2.36788 2.13205 9.08021
v -0.98702 1.93995 3.03060
v -0.91148 1.97844 3.03060
v -0.26970 2.56608 3.31370
v -0.22783 2.16765 3.03060
v -0.23341 2.22079 3.06145
v -0.34176 2.14961 3.03060
v -0.46427 2.18422 3.06145
v -0.42550 2.13634 3.03060
v 0.98702 1.93995 3.03060
v 1.08980 1.88758 3.03060
v 0.91148 1.97844 3.03060
v 0.00000 2.58021 3.31370
v -0.45316 2.13196 3.03060
v -2.35714 1.04947 3.31370
v 0.69004 2.12373 3.06145
v -0.67353 2.07292 3.03060
v -0.69968 2.06288 3.03060
v -0.69004 2.12373 3.06145
v 0.00000 2.89914 3.60086
v 0.98462 3.03035 3.91979
v 1.88758 1.08980 3.03060
v 1.93385 1.11651 3.06145
v 1.82476 1.18654 3.03060
v 1.77858 1.25764 3.03060
v 1.51661 2.08744 3.31370
v 0.91899 0.53058 10.46030
v 0.85849 -0.62373 10.46030
v 0.47664 -0.42917 10.54952
v 0.78859 -0.71005 10.46030
v 1.11651 1.93385 9.93855
v -0.98462 3.03035 9.08021
v -0.33306 3.16884 9.08021
v 0.60999 0.19820 10.54952
v 0.18583 0.10729 10.59438
v 0.22063 1.03797 10.46030
v 0.32792 1.00922 10.46030
v -0.32069 0.55545 10.54952
v -0.37699 0.51889 10.54952
v -0.12613 0.17360 10.59438
v -0.73465 1.27246 10.32768
v 0.23341 2.22079 9.93855
v 0.11092 1.05534 10.46030
v 0.06704 0.63787 10.54952
v -0.96942 0.43161 10.46030
v -1.34228 0.59762 10.32768
v -0.55545 0.32069 10.54952
v -0.78859 0.71005 10.46030
v 0.82339 3.87375 7.56116
v 0.38186 3.63311 8.36136
v -0.38186 3.63311 8.36136
v 0.38186 3.63311 4.63864
v 3.20395 2.32780 7.56116
v 3.14127 1.39858 4.26698
v 3.33730 1.48586 4.63864
v 2.08744 1.51661 9.68630
v 2.32780 3.20395 7.56116
v 0.00000 3.18630 9.08021
v 0.26970 2.56608 9.68630
v 1.06257 3.27025 4.26698
v 3.27025 1.06257 4.26698
v 2.91083 1.29598 3.91979
v 2.06288 0.69968 3.03060
v 2.08744 1.51661 3.31370
v -2.97787 -1.71927 8.73302
v -2.78184 -2.02113 8.73302
v -1.51661 -2.08744 9.68630
v -0.89588 -2.75724 9.39914
v -1.17918 -2.64849 9.39914
v -0.13335 -0.62737 10.54952
v -0.32792 -1.00922 10.46030
v -0.22063 -1.03797 10.46030
v 1.91747 -1.72650 9.68630
v 1.93990 -2.15448 9.39914
v 2.15448 -1.93990 9.39914
v 1.03797 -0.22063 10.46030
v 0.62737 -0.13335 10.54952
v 1.00922 -0.32792 10.46030
v 0.69004 -2.12373 9.93855
v 2.23302 0.00000 9.93855
v 1.82069 -0.38700 10.15313
v 1.34228 -0.59762 10.32768
v 0.96942 -0.43161 10.46030
v 1.98015 -3.42972 5.43884
v 1.82656 -3.16370 8.36136
v 2.44442 -2.71480 8.36136
v -3.31487 -1.91384 5.03069
v -3.33730 -1.48586 8.36136
v 3.42972 -1.98015 7.56116
v 3.20395 -2.32780 7.56116
v 3.27613 -2.38025 7.14138
v 3.61791 -1.61080 7.56116
v 2.13205 -2.36788 9.08021
v 2.95544 -2.14725 8.36136
v 2.36788 -2.13205 9.08021
v 2.55534 -2.30084 8.73302
v 2.34545 -1.70407 9.39914
v 3.31242 -2.40662 6.71458
v 1.61080 -3.61791 7.56116
v 4.00491 0.85127 6.28542
v 4.07195 0.42798 6.28542
v 3.61791 -1.61080 5.43884
v 3.42972 -1.98015 5.43884
v 3.69942 -1.64709 5.85862
v 2.44442 -2.71480 4.63864
v 3.20395 -2.32780 5.43884
v 2.56122 -2.84452 5.03069
v 2.34545 -1.70407 3.60086
v 2.03250 -0.77883 3.03060
v 2.06288 -0.69968 3.03060
v 2.07292 -0.67353 3.03060
v -0.30304 -2.88326 3.60086
v -0.53646 -2.52383 3.31370
v 0.00000 -2.89914 3.60086
v 1.59315 -2.75941 3.91979
v 0.00000 -3.18630 3.91979
v -2.03996 -0.90825 3.06145
v -2.45393 -0.79733 3.31370
v -2.12373 -0.69004 3.06145
v -2.35714 -1.04947 3.31370
v -1.87286 -2.57777 3.91979
v -1.93990 -2.15448 3.60086
v -2.23453 -1.29011 3.31370
v -0.98462 -3.03035 3.91979
v -1.39858 -3.14127 4.26698
v -1.29598 -2.91083 3.91979
v -0.69004 -2.12373 3.06145
v -0.69968 -2.06288 3.03060
v -0.67353 -2.07292 3.03060
v -1.65946 1.49418 3.06145
v -1.49418 1.65946 3.06145
v -2.16765 0.22783 3.03060
v -2.14961 0.34176 3.03060
v -2.13634 0.42550 3.03060
v -0.46427 -2.18422 9.93855
v 0.75953 -3.57330 8.36136
v 1.77026 -0.57519 10.15313
v -0.82339 -3.87375 7.56116
v 0.38186 -3.63311 4.63864
v 0.00000 -3.65313 4.63864
v 0.00000 -4.04952 5.85862
v 0.00000 -3.82768 5.03069
v -1.61080 -3.61791 5.43884
v -1.93995 0.98702 3.03060
v -1.88758 1.08980 3.03060
v -1.97844 0.91148 3.03060
v -1.28113 1.76333 3.03060
v -1.30290 1.74570 3.03060
v -3.31487 1.91384 5.03069
v -2.94307 2.64995 5.43884
v -2.02113 2.78184 4.26698
v -1.71927 2.97787 4.26698
v -4.07195 0.42798 6.28542
v -2.14725 2.95544 4.63864
v -1.29598 2.91083 3.91979
v -2.91083 1.29598 9.08021
v -2.57777 1.87286 9.08021
v -2.97787 1.71927 8.73302
v -2.75941 1.59315 9.08021
v -3.16370 1.82656 8.36136
v -3.09666 2.24985 7.96931
v -2.95544 2.14725 8.36136
v 0.42798 4.07195 6.71458
v 0.41396 3.93860 7.56116
v 0.40010 3.80671 7.96931
v -2.02476 3.50699 7.14138
v -1.80655 -1.31254 9.93855
v -2.36788 -2.13205 9.08021
v -2.15448 -1.93990 9.39914
v -0.43161 -0.96942 10.46030
v -0.15358 -1.46126 10.32768
v -0.02243 -0.21340 10.59438
v -0.06704 -0.63787 10.54952
v -0.38700 -1.82069 10.15313
v -1.38326 1.24549 10.15313
v -1.93385 1.11651 9.93855
v -0.88652 1.99116 3.03060
v 1.28113 1.76333 3.03060
v 0.88652 1.99116 3.03060
v 0.77883 2.03250 3.03060
v 0.69968 2.06288 3.03060
v -0.11263 2.17369 3.03060
v 0.45316 2.13196 3.03060
v 2.13196 -0.45316 3.03060
v 2.13634 -0.42550 3.03060
v 1.76333 1.28113 3.03060
v 2.14961 -0.34176 3.03060
v 2.16765 -0.22783 3.03060
v 2.17369 -0.11263 3.03060
v 2.12471 -0.48022 3.03060
v 0.98702 -1.93995 3.03060
v 1.08980 -1.88758 3.03060
v 0.91148 -1.97844 3.03060
v 0.14358 -0.15946 10.59438
v 0.12613 -0.17360 10.59438
v 0.42917 -0.47664 10.54952
v 0.19603 -0.08728 10.59438
v 0.18583 -0.10729 10.59438
v 0.55545 -0.32069 10.54952
v 0.10729 -0.18583 10.59438
v 0.32069 -0.55545 10.54952
v 0.26087 -0.58593 10.54952
v 0.06631 -0.20407 10.59438
v 0.19820 -0.60999 10.54952
v 0.21340 -0.02243 10.59438
v 0.20989 -0.04461 10.59438
v 0.37699 0.51889 10.54952
v 0.12613 0.17360 10.59438
v 0.53058 0.91899 10.46030
v 0.32069 0.55545 10.54952
v -1.17918 2.64849 9.39914
v -0.89588 2.75724 9.39914
v -1.31254 1.80655 9.93855
v -1.49418 1.65946 9.93855
v 0.17360 0.12613 10.59438
v 0.30549 1.43720 10.32768
v 0.00000 0.64138 10.54952
v -1.91747 1.72650 9.68630
v -0.60276 2.83578 9.39914
v 0.38700 1.82069 10.15313
v -0.22063 1.03797 10.46030
v -0.32792 1.00922 10.46030
v -0.20989 0.04461 10.59438
v -0.21340 0.02243 10.59438
v -0.63787 0.06704 10.54952
v -1.65946 1.49418 9.93855
v 0.00000 3.82768 7.96931
v -1.64709 3.69942 7.14138
v 1.39858 3.14127 8.73302
v 3.93860 0.41396 5.43884
v 4.07195 0.42798 6.71458
v -1.93990 -2.15448 9.39914
v -2.13205 -2.36788 9.08021
v -1.18869 -0.86364 10.32768
v -1.38326 -1.24549 10.15313
v -1.03797 -0.22063 10.46030
v -0.20989 -0.04461 10.59438
v -0.32069 -0.55545 10.54952
v -0.53058 -0.91899 10.46030
v 0.57519 -1.77026 10.15313
v 1.09191 -0.98316 10.32768
v 1.38326 -1.24549 10.15313
v 0.37699 -0.51889 10.54952
v 0.62373 -0.85849 10.46030
v 1.24549 -1.38326 10.15313
v 0.91899 -0.53058 10.46030
v 1.39740 -0.45404 10.32768
v 2.71480 -2.44442 8.36136
v 3.87375 0.82339 5.43884
v 3.85132 -1.25137 5.85862
v 1.51661 -2.08744 3.31370
v 1.28113 -1.76333 3.03060
v 1.30290 -1.74570 3.03060
v 2.16765 0.22783 3.03060
v 2.14961 0.34176 3.03060
v 2.13634 0.42550 3.03060
v 2.17369 0.11263 3.03060
v 2.17813 0.02797 3.03060
v 1.69235 -1.36879 3.03060
v 1.74570 -1.30290 3.03060
v 1.61975 -1.45843 3.03060
v 2.10211 -0.56458 3.03060
v 1.45843 -1.61975 3.03060
v 0.67353 -2.07292 3.03060
v 0.69968 -2.06288 3.03060
v 0.02797 -2.17813 3.03060
v 0.00000 -2.23302 3.06145
v 0.00000 -2.17959 3.03060
v -1.25764 -1.77858 3.03060
v -1.31254 -1.80655 3.06145
v -1.28113 -1.76333 3.03060
v -1.71927 -2.97787 4.26698
v -1.59315 -2.75941 3.91979
v -0.79733 -2.45393 3.31370
v -2.22079 -0.23341 3.06145
v -2.75724 -0.89588 3.60086
v -1.93995 -0.98702 3.03060
v -1.97844 -0.91148 3.03060
v -0.77883 -2.03250 3.03060
v -0.88652 -1.99116 3.03060
v -1.76333 -1.28113 3.03060
v -1.74570 -1.30290 3.03060
v -2.07292 0.67353 3.03060
v -2.10211 0.56458 3.03060
v 0.00000 -2.89914 9.39914
v -0.53646 -2.52383 9.68630
v -1.82476 1.18654 3.03060
v -2.44442 2.71480 4.63864
v -2.78184 2.02113 8.73302
v -1.93385 -1.11651 9.93855
v -1.61199 -0.93068 10.15313
v -0.93068 -1.61199 10.15313
v -0.11092 -1.05534 10.46030
v 0.30549 -1.43720 10.32768
v -0.08728 -0.19603 10.59438
v -0.26087 -0.58593 10.54952
v -0.06631 -0.20407 10.59438
v -0.73465 -1.27246 10.32768
v -1.51661 2.08744 9.68630
v -1.72650 1.91747 9.68630
v -0.69004 2.12373 9.93855
v 0.67353 2.07292 3.03060
v 0.11263 2.17369 3.03060
v 0.02797 2.17813 3.03060
v 1.99116 0.88652 3.03060
v 1.97844 0.91148 3.03060
v 2.03250 0.77883 3.03060
v 1.25764 1.77858 3.03060
v 1.18654 1.82476 3.03060
v 0.06704 -0.63787 10.54952
v 0.20407 -0.06631 10.59438
v 0.60999 -0.19820 10.54952
v 0.58593 -0.26087 10.54952
v 0.21458 0.00000 10.59438
v -1.29598 2.91083 9.08021
v -0.66247 3.11667 9.08021
v -0.19820 0.60999 10.54952
v -0.06631 0.20407 10.59438
v 1.59315 2.75941 9.08021
v -0.60276 -2.83578 9.39914
v -1.50587 -1.09408 10.15313
v -0.98316 -1.09191 10.32768
v -0.86364 -1.18869 10.32768
v -0.17360 -0.12613 10.59438
v -0.51889 -0.37699 10.54952
v -0.71005 -0.78859 10.46030
v -0.14358 -0.15946 10.59438
v -0.12613 -0.17360 10.59438
v 0.00000 -0.21458 10.59438
v 0.73465 -1.27246 10.32768
v 1.50587 -1.09408 10.15313
v 3.04272 -2.73968 6.28542
v 2.78184 -2.02113 8.73302
v 2.89914 0.00000 3.60086
v 1.82476 -1.18654 3.03060
v 0.56458 -2.10211 3.03060
v 0.48022 -2.12471 3.03060
v -0.11263 -2.17369 3.03060
v -0.02797 -2.17813 3.03060
v -0.22783 -2.16765 3.03060
v -1.08980 -1.88758 3.03060
v -1.18654 -1.82476 3.03060
v -0.60276 -2.83578 3.60086
v -0.46427 -2.18422 3.06145
v -0.48022 -2.12471 3.03060
v -0.45316 -2.13196 3.03060
v -0.42550 -2.13634 3.03060
v -1.36879 -1.69235 3.03060
v -1.30290 -1.74570 3.03060
v -1.45843 -1.61975 3.03060
v -1.51661 -2.08744 3.31370
v 0.00000 -3.43855 4.26698
v 0.40010 -3.80671 5.03069
v -1.06257 -3.27025 4.26698
v -2.13634 -0.42550 3.03060
v -2.17369 -0.11263 3.03060
v -2.16765 -0.22783 3.03060
v -2.17813 -0.02797 3.03060
v -2.02113 -2.78184 4.26698
v -0.66247 -3.11667 3.91979
v -1.36879 1.69235 3.03060
v -1.45843 1.61975 3.03060
v -1.61975 1.45843 3.03060
v -1.74570 1.30290 3.03060
v -1.91384 3.31487 5.03069
v -1.44957 2.51073 9.39914
v -0.77883 2.03250 3.03060
v 0.53058 -0.91899 10.46030
v 0.43161 -0.96942 10.46030
v 0.32792 -1.00922 10.46030
v 0.51889 -0.37699 10.54952
v 0.17360 -0.12613 10.59438
v 0.63787 -0.06704 10.54952
v 0.15946 -0.14358 10.59438
v 0.59762 -1.34228 10.32768
v 0.75708 -1.70044 10.15313
v -0.17360 0.12613 10.59438
v -0.18583 0.10729 10.59438
v -0.10729 0.18583 10.59438
v -1.11651 1.93385 9.93855
v -0.23341 2.22079 9.93855
v -0.19603 0.08728 10.59438
v 0.15946 0.14358 10.59438
v 0.14358 0.15946 10.59438
v 0.10729 0.18583 10.59438
v 0.08728 0.19603 10.59438
v 0.08728 -0.19603 10.59438
v 0.00000 0.21458 10.59438
v -0.04461 0.20989 10.59438
v -0.04461 -0.20989 10.59438
v -0.08728 0.19603 10.59438
v -0.10729 -0.18583 10.59438
v -0.15946 -0.14358 10.59438
v -0.18583 -0.10729 10.59438
v -0.19603 -0.08728 10.59438
v -0.21458 0.00000 10.59438
v 0.00000 1.86136 10.15313
v 0.00000 2.23302 9.93855
v 1.44957 2.51073 9.39914
v 1.93995 0.98702 3.03060
v -1.09408 -1.50587 10.15313
v -0.47664 -0.42917 10.54952
v 0.22063 -1.03797 10.46030
v 0.45404 -1.39740 10.32768
v 1.11651 -1.93385 9.93855
v 1.86136 0.00000 10.15313
v 1.36879 -1.69235 3.03060
v 0.45316 -2.13196 3.03060
v 1.25764 -1.77858 3.03060
v 1.18654 -1.82476 3.03060
v 0.11263 -2.17369 3.03060
v -0.89588 -2.75724 3.60086
v -0.34176 -2.14961 3.03060
v -0.98702 -1.93995 3.03060
v -0.91148 -1.97844 3.03060
v -2.07292 -0.67353 3.03060
v -2.10211 -0.56458 3.03060
v -1.99116 -0.88652 3.03060
v -2.17369 0.11263 3.03060
v -2.17813 0.02797 3.03060
v -2.17959 0.00000 3.03060
v -2.03250 -0.77883 3.03060
v -2.06288 -0.69968 3.03060
v -1.69235 1.36879 3.03060
v -1.18282 3.64034 7.96931
v -0.19820 -0.60999 10.54952
v -0.56458 2.10211 3.03060
v -0.48022 2.12471 3.03060
v 0.48022 2.12471 3.03060
v 0.56458 2.10211 3.03060
v 2.13196 0.45316 3.03060
v 0.98316 -1.09191 10.32768
v 0.71005 -0.78859 10.46030
v 1.65946 -1.49418 9.93855
v 0.88652 -1.99116 3.03060
v 0.77883 -2.03250 3.03060
v 0.26970 -2.56608 3.31370
v -0.56458 -2.10211 3.03060
v -2.14961 -0.34176 3.03060
v -1.69235 -1.36879 3.03060
v -1.61975 -1.45843 3.03060
v -0.51889 0.37699 10.54952
v 2.34182 0.00000 0.80000
v 2.33058 0.21438 0.80000
v 2.29064 0.48689 0.80000
v 2.32423 0.27486 0.80000
v 0.00000 -2.34182 0.80000
v 0.21438 -2.33058 0.80000
v -1.89457 1.37649 0.80000
v -2.01149 1.19645 0.80000
v -1.17091 2.02807 0.80000
v -1.19645 2.01149 0.80000
v -1.75947 1.54332 0.80000
v -1.74031 1.56698 0.80000
v -2.34182 0.00000 0.80000
v -2.33058 0.21438 0.80000
v -0.51630 2.28276 0.80000
v -0.72366 2.22720 0.80000
v 2.13936 0.95250 0.80000
v 2.04190 1.14378 0.80000
v 2.29064 -0.48689 0.80000
v 2.28276 -0.51630 0.80000
v -2.22720 0.72366 0.80000
v -2.15027 0.92408 0.80000
v -1.56698 1.74031 0.80000
v -2.28276 0.51630 0.80000
v -1.56698 -1.74031 0.80000
v -1.74031 -1.56698 0.80000
v 0.72366 2.22720 0.80000
v 0.51630 2.28276 0.80000
v 1.14378 2.04190 0.80000
v 1.17091 2.02807 0.80000
v 0.00000 2.34182 0.80000
v -0.21438 2.33058 0.80000
v 2.02807 1.17091 0.80000
v 2.01149 1.19645 0.80000
v 2.22720 0.72366 0.80000
v 2.28276 0.51630 0.80000
v 0.51630 -2.28276 0.80000
v 0.72366 -2.22720 0.80000
v 2.22720 -0.72366 0.80000
v 2.15027 -0.92408 0.80000
v 2.04190 -1.14378 0.80000
v 2.02807 -1.17091 0.80000
v 2.33058 -0.21438 0.80000
v -2.13936 0.95250 0.80000
v -2.04190 1.14378 0.80000
v -2.29064 0.48689 0.80000
v -2.32423 0.27486 0.80000
v -0.92408 -2.15027 0.80000
v -0.95250 -2.13936 0.80000
v 0.48689 2.29064 0.80000
v 0.27486 2.32423 0.80000
v 0.92408 2.15027 0.80000
v 1.54332 1.75947 0.80000
v 1.56698 1.74031 0.80000
v -0.92408 2.15027 0.80000
v -0.48689 2.29064 0.80000
v -0.27486 2.32423 0.80000
v -1.14378 2.04190 0.80000
v -1.37649 1.89457 0.80000
v -1.54332 1.75947 0.80000
v 0.21438 2.33058 0.80000
v 1.89457 1.37649 0.80000
v 1.75947 1.54332 0.80000
v 2.15027 0.92408 0.80000
v 0.48689 -2.29064 0.80000
v 0.27486 -2.32423 0.80000
v 0.92408 -2.15027 0.80000
v 0.95250 -2.13936 0.80000
v 1.37649 -1.89457 0.80000
v 1.54332 -1.75947 0.80000
v 1.89457 -1.37649 0.80000
v 1.75947 -1.54332 0.80000
v 1.56698 -1.74031 0.80000
v 1.74031 -1.56698 0.80000
v 2.01149 -1.19645 0.80000
v -2.02807 1.17091 0.80000
v -2.32899 0.24479 0.80000
v -0.72366 -2.22720 0.80000
v -0.48689 -2.29064 0.80000
v -0.51630 -2.28276 0.80000
v -1.37649 -1.89457 0.80000
v -1.54332 -1.75947 0.80000
v -2.01149 -1.19645 0.80000
v -1.89457 -1.37649 0.80000
v 1.05000 -1.05000 0.00000
v 4.30000 0.00000 0.00000
v 4.27644 -0.44947 0.00000
v 4.20603 -0.89402 0.00000
v 1.05000 1.05000 0.00000
v 4.08954 -1.32877 0.00000
v 4.27644 0.44947 0.00000
v 3.92824 -1.74897 0.00000
v 4.20603 0.89402 0.00000
v 3.72391 -2.15000 0.00000
v 4.08954 1.32877 0.00000
v 3.47877 -2.52748 0.00000
v 3.92824 1.74897 0.00000
v 3.19552 -2.87726 0.00000
v 3.72391 2.15000 0.00000
v 2.87726 -3.19552 0.00000
v 3.47877 2.52748 0.00000
v 2.52748 -3.47877 0.00000
v 3.19552 2.87726 0.00000
v 2.15000 -3.72391 0.00000
v 2.87726 3.19552 0.00000
v 1.74897 -3.92824 0.00000
v 2.52748 3.47877 0.00000
v 1.32877 -4.08954 0.00000
v 2.15000 3.72391 0.00000
v 1.74897 3.92824 0.00000
v 0.89402 -4.20603 0.00000
v 0.44947 -4.27644 0.00000
v 0.00000 -4.30000 0.00000
v -1.05000 -1.05000 0.00000
v -0.44947 -4.27644 0.00000
v -0.89402 -4.20603 0.00000
v -1.74897 -3.92824 0.00000
v -1.32877 -4.08954 0.00000
v 1.32877 4.08954 0.00000
v 0.89402 4.20603 0.00000
v 0.44947 4.27644 0.00000
v 0.00000 4.30000 0.00000
v -1.05000 1.05000 0.00000
v -0.44947 4.27644 0.00000
v -0.89402 4.20603 0.00000
v -2.15000 -3.72391 0.00000
v -1.32877 4.08954 0.00000
v -2.52748 -3.47877 0.00000
v -1.74897 3.92824 0.00000
v -2.87726 -3.19552 0.00000
v -2.15000 3.72391 0.00000
v -3.19552 -2.87726 0.00000
v -2.52748 3.47877 0.00000
v -3.47877 -2.52748 0.00000
v -2.87726 3.19552 0.00000
v -3.72391 -2.15000 0.00000
v -3.19552 2.87726 0.00000
v -3.92824 -1.74897 0.00000
v -3.47877 2.52748 0.00000
v -4.08954 -1.32877 0.00000
v -3.72391 2.15000 0.00000
v -4.20603 -0.89402 0.00000
v -3.92824 1.74897 0.00000
v -4.27644 -0.44947 0.00000
v -4.08954 1.32877 0.00000
v -4.30000 0.00000 0.00000
v -4.20603 0.89402 0.00000
v -4.27644 0.44947 0.00000
v -2.32423 -0.27486 0.80000
v -2.29064 -0.48689 0.80000
v -2.22720 -0.72366 0.80000
v -2.15027 -0.92408 0.80000
v 0.24479 2.32899 0.80000
v 0.95250 2.13936 0.80000
v 1.19645 2.01149 0.80000
v 1.37649 1.89457 0.80000
v 1.74031 1.56698 0.80000
v -0.24479 2.32899 0.80000
v -0.95250 2.13936 0.80000
v 2.32899 0.24479 0.80000
v 0.24479 -2.32899 0.80000
v 1.17091 -2.02807 0.80000
v 1.19645 -2.01149 0.80000
v 2.13936 -0.95250 0.80000
v 2.32423 -0.27486 0.80000
v -1.19645 -2.01149 0.80000
v -1.14378 -2.04190 0.80000
v -0.27486 -2.32423 0.80000
v -1.17091 -2.02807 0.80000
v -2.32899 -0.24479 0.80000
v -2.33058 -0.21438 0.80000
v -2.28276 -0.51630 0.80000
v -2.13936 -0.95250 0.80000
v -2.04190 -1.14378 0.80000
v -1.75947 -1.54332 0.80000
v -0.24479 -2.32899 0.80000
v -0.21438 -2.33058 0.80000
v 1.14378 -2.04190 0.80000
v 2.32899 -0.24479 0.80000
v -2.02807 -1.17091 0.80000
v 4.30000 0.00000 0.80000
v 4.27644 0.44947 0.80000
v -4.27644 0.44947 0.80000
v -4.30000 0.00000 0.80000
v -0.44947 4.27644 0.80000
v 0.00000 4.30000 0.80000
v 0.44947 -4.27644 0.80000
v 0.00000 -4.30000 0.80000
v 3.19552 2.87726 0.80000
v 2.87726 3.19552 0.80000
v -2.87726 3.19552 0.80000
v -3.19552 2.87726 0.80000
v -2.15000 3.72391 0.80000
v -1.74897 3.92824 0.80000
v 3.92824 1.74897 0.80000
v 3.72391 2.15000 0.80000
v 1.32877 4.08954 0.80000
v 1.74897 3.92824 0.80000
v 2.15000 3.72391 0.80000
v 2.52748 3.47877 0.80000
v -3.72391 2.15000 0.80000
v -3.92824 1.74897 0.80000
v -3.47877 2.52748 0.80000
v -4.08954 1.32877 0.80000
v -4.20603 0.89402 0.80000
v -2.52748 3.47877 0.80000
v -1.32877 4.08954 0.80000
v -0.89402 4.20603 0.80000
v 0.89402 -4.20603 0.80000
v 4.20603 0.89402 0.80000
v 4.08954 1.32877 0.80000
v 3.47877 2.52748 0.80000
v 0.44947 4.27644 0.80000
v 0.89402 4.20603 0.80000
v 4.27644 -0.44947 0.80000
v 4.20603 -0.89402 0.80000
v 4.08954 -1.32877 0.80000
v 3.92824 -1.74897 0.80000
v 3.72391 -2.15000 0.80000
v 3.47877 -2.52748 0.80000
v 3.19552 -2.87726 0.80000
v 2.87726 -3.19552 0.80000
v 2.52748 -3.47877 0.80000
v 2.15000 -3.72391 0.80000
v 1.74897 -3.92824 0.80000
v 1.32877 -4.08954 0.80000
v -0.44947 -4.27644 0.80000
v -0.89402 -4.20603 0.80000
v -1.32877 -4.08954 0.80000
v -1.74897 -3.92824 0.80000
v -2.15000 -3.72391 0.80000
v -2.52748 -3.47877 0.80000
v -2.87726 -3.19552 0.80000
v -3.19552 -2.87726 0.80000
v -3.47877 -2.52748 0.80000
v -3.72391 -2.15000 0.80000
v -3.92824 -1.74897 0.80000
v -4.08954 -1.32877 0.80000
v -4.20603 -0.89402 0.80000
v -4.27644 -0.44947 0.80000
v -1.05000 -1.05000 3.80000
v -1.05000 1.05000 3.80000
v 1.05000 1.05000 3.80000
v 1.05000 -1.05000 3.80000
f 1 2 3
f 4 5 6
f 7 8 9
f 10 11 12
f 13 14 15
f 16 17 18
f 19 20 21
f 22 23 24
f 25 26 27
f 26 25 28
f 29 30 31
f 32 33 34
f 35 36 37
f 38 39 40
f 39 38 41
f 42 43 44
f 45 46 47
f 48 49 50
f 51 52 53
f 17 54 18
f 55 13 15
f 56 57 58
f 59 60 61
f 62 63 64
f 65 66 67
f 68 69 70
f 71 72 73
f 74 75 76
f 77 78 79
f 80 81 82
f 83 84 83
f 85 84 83
f 86 85 87
f 85 86 84
f 88 89 90
f 91 92 93
f 94 24 95
f 96 97 98
f 99 100 101
f 102 103 104
f 105 106 107
f 108 109 110
f 111 112 113
f 114 115 116
f 117 48 50
f 118 119 120
f 121 122 123
f 124 108 125
f 126 127 128
f 129 130 131
f 132 133 134
f 135 136 137
f 138 139 140
f 141 142 143
f 106 144 107
f 145 146 147
f 148 149 150
f 151 152 153
f 154 155 156
f 157 158 159
f 160 161 162
f 163 164 165
f 166 167 168
f 165 164 169
f 170 171 172
f 173 174 175
f 176 177 178
f 179 180 181
f 182 183 184
f 185 186 187
f 188 189 190
f 191 192 193
f 25 194 28
f 195 196 197
f 198 66 199
f 200 201 202
f 203 204 205
f 206 207 208
f 209 31 210
f 211 212 213
f 212 211 214
f 215 216 217
f 218 219 33
f 92 220 221
f 222 223 224
f 54 225 226
f 227 228 229
f 228 227 42
f 230 231 232
f 233 234 235
f 236 237 238
f 237 236 239
f 240 241 242
f 243 244 245
f 246 247 248
f 249 247 246
f 249 250 247
f 250 249 250
f 251 252 253
f 254 255 256
f 207 257 258
f 259 260 51
f 261 262 4
f 257 263 258
f 14 19 21
f 258 263 264
f 265 266 211
f 267 268 269
f 268 267 270
f 271 272 273
f 272 271 274
f 275 276 277
f 278 279 280
f 8 281 282
f 283 284 164
f 285 286 287
f 288 289 290
f 291 292 293
f 294 287 295
f 296 297 298
f 299 300 301
f 92 221 302
f 303 304 305
f 306 307 308
f 71 309 72
f 310 311 312
f 313 314 315
f 313 316 314
f 317 316 313
f 316 317 317
f 318 319 320
f 321 322 323
f 324 325 326
f 327 328 329
f 330 331 332
f 333 334 335
f 336 337 338
f 339 340 341
f 342 343 344
f 343 342 345
f 346 345 342
f 345 346 346
f 347 185 348
f 349 350 351
f 352 353 354
f 355 356 357
f 358 359 360
f 361 362 359
f 104 363 364
f 365 366 367
f 348 349 368
f 369 370 371
f 372 373 374
f 375 376 377
f 177 378 178
f 379 380 381
f 382 383 384
f 385 386 387
f 386 385 388
f 253 252 389
f 390 391 392
f 393 394 395
f 155 396 397
f 398 54 399
f 400 166 401
f 166 168 402
f 354 403 404
f 405 406 407
f 120 408 409
f 410 411 412
f 413 414 415
f 416 417 418
f 419 420 421
f 422 423 424
f 425 426 427
f 428 429 63
f 352 354 430
f 119 431 432
f 433 434 435
f 436 437 438
f 439 440 441
f 382 390 442
f 257 443 263
f 444 445 265
f 446 447 448
f 449 79 450
f 451 452 453
f 59 454 455
f 454 59 456
f 272 457 273
f 457 272 458
f 459 460 461
f 460 459 266
f 153 152 396
f 462 129 131
f 414 288 463
f 288 290 464
f 465 466 309
f 396 467 56
f 468 469 470
f 469 471 472
f 473 474 475
f 457 476 477
f 9 478 479
f 478 480 163
f 481 45 482
f 73 171 170
f 291 483 292
f 289 484 290
f 485 486 487
f 282 281 480
f 488 2 1
f 2 488 489
f 169 488 490
f 491 492 493
f 3 494 495
f 496 177 176
f 497 498 499
f 108 110 125
f 500 501 502
f 503 504 505
f 506 507 508
f 509 510 511
f 512 378 496
f 513 514 515
f 50 516 517
f 518 519 520
f 507 521 522
f 523 524 525
f 526 527 528
f 526 529 527
f 529 526 530
f 531 532 533
f 534 535 536
f 537 538 539
f 334 540 541
f 364 542 204
f 543 544 545
f 306 308 546
f 547 548 549
f 550 551 80
f 552 553 554
f 555 367 556
f 557 200 558
f 557 559 560
f 559 557 558
f 561 562 563
f 66 564 565
f 566 567 568
f 341 340 569
f 570 571 572
f 573 94 95
f 182 184 574
f 575 571 570
f 96 576 577
f 576 96 578
f 556 579 580
f 206 208 404
f 581 205 582
f 580 579 583
f 584 585 586
f 585 584 587
f 588 589 262
f 590 591 592
f 366 593 579
f 594 586 103
f 586 594 584
f 201 595 202
f 571 351 596
f 597 598 599
f 599 598 600
f 601 602 337
f 525 8 603
f 604 373 372
f 605 606 607
f 608 454 447
f 173 175 609
f 610 17 611
f 612 613 614
f 615 616 325
f 434 617 435
f 618 619 620
f 619 618 621
f 622 255 448
f 623 624 436
f 624 623 625
f 270 267 626
f 60 627 628
f 461 394 297
f 394 461 460
f 225 402 629
f 225 166 402
f 17 401 630
f 631 445 499
f 401 225 630
f 632 633 634
f 635 240 636
f 637 15 638
f 258 264 639
f 640 641 64
f 641 640 642
f 643 76 644
f 625 645 624
f 645 625 646
f 647 648 649
f 650 635 636
f 648 651 243
f 241 652 121
f 241 123 653
f 654 655 656
f 339 341 657
f 658 659 29
f 660 75 661
f 662 644 663
f 664 129 665
f 666 156 667
f 668 669 670
f 671 672 673
f 674 415 675
f 676 677 678
f 651 679 243
f 115 680 643
f 133 233 235
f 681 651 648
f 651 681 682
f 683 193 206
f 408 95 352
f 684 207 206
f 685 260 259
f 686 687 688
f 687 686 689
f 13 51 14
f 690 691 440
f 692 434 433
f 693 605 607
f 137 216 215
f 263 262 261
f 694 695 696
f 697 326 698
f 699 700 701
f 207 258 702
f 703 685 259
f 704 705 706
f 707 708 608
f 450 709 707
f 384 391 390
f 710 256 711
f 213 621 618
f 621 213 212
f 451 712 452
f 713 714 715
f 716 113 112
f 113 716 717
f 61 60 628
f 86 718 719
f 720 721 276
f 277 276 722
f 723 160 722
f 288 464 463
f 57 482 724
f 471 670 725
f 151 402 726
f 402 151 629
f 727 728 729
f 728 727 465
f 471 668 670
f 670 289 725
f 730 162 731
f 670 669 289
f 231 666 474
f 129 732 130
f 733 56 58
f 154 156 666
f 164 734 169
f 735 490 736
f 737 601 337
f 738 523 603
f 277 739 740
f 739 277 722
f 152 45 481
f 467 152 481
f 549 548 741
f 742 309 71
f 483 27 743
f 27 483 744
f 486 744 483
f 745 744 486
f 746 495 562
f 747 748 561
f 749 195 750
f 751 752 753
f 754 755 756
f 310 306 757
f 758 175 759
f 760 71 73
f 761 758 762
f 175 763 759
f 764 68 765
f 766 767 768
f 522 220 508
f 522 176 220
f 508 769 504
f 769 220 92
f 144 504 91
f 505 770 771
f 772 773 774
f 503 508 504
f 496 378 177
f 548 775 519
f 776 496 521
f 548 73 775
f 777 479 778
f 779 276 275
f 780 781 782
f 373 783 374
f 349 784 785
f 786 343 787
f 320 41 38
f 41 320 788
f 330 332 789
f 790 330 540
f 791 792 589
f 793 794 795
f 492 327 796
f 141 143 360
f 538 797 798
f 799 800 801
f 802 803 797
f 142 804 805
f 806 807 808
f 809 810 811
f 311 812 813
f 814 776 510
f 815 280 816
f 817 818 819
f 820 821 366
f 556 97 555
f 97 556 822
f 823 100 99
f 99 101 365
f 35 37 431
f 824 825 826
f 564 827 575
f 827 564 828
f 829 830 576
f 210 30 828
f 210 828 66
f 658 29 209
f 66 565 67
f 831 832 833
f 831 833 834
f 830 375 200
f 573 22 94
f 22 24 94
f 62 409 428
f 430 835 429
f 836 837 838
f 581 683 403
f 356 839 102
f 431 840 432
f 23 364 203
f 841 839 356
f 592 591 842
f 843 804 844
f 837 845 324
f 820 846 821
f 593 847 579
f 848 117 849
f 850 543 851
f 852 181 821
f 356 102 853
f 336 778 737
f 376 599 377
f 824 826 598
f 854 855 825
f 529 856 857
f 29 40 30
f 858 38 29
f 29 38 40
f 859 860 861
f 611 17 16
f 445 393 395
f 224 761 762
f 862 863 864
f 175 865 763
f 866 713 68
f 221 867 302
f 302 867 223
f 615 868 616
f 869 870 871
f 262 872 4
f 708 455 608
f 873 438 874
f 438 873 875
f 252 876 877
f 876 116 877
f 878 436 624
f 879 706 437
f 136 880 881
f 882 439 441
f 883 878 645
f 397 396 56
f 298 153 396
f 395 460 266
f 395 394 460
f 297 629 151
f 629 297 394
f 610 884 17
f 401 166 225
f 63 885 637
f 886 55 15
f 263 261 887
f 888 889 434
f 239 890 237
f 890 239 891
f 625 892 646
f 635 243 245
f 886 15 637
f 893 425 427
f 894 895 896
f 647 649 635
f 235 647 897
f 650 636 898
f 183 899 900
f 901 902 681
f 122 903 904
f 412 905 906
f 636 240 242
f 907 412 652
f 123 122 908
f 323 909 128
f 65 910 911
f 912 913 914
f 915 123 405
f 661 249 246
f 916 917 417
f 660 661 918
f 919 920 921
f 922 923 924
f 925 926 927
f 926 925 928
f 929 230 43
f 930 931 932
f 933 931 930
f 931 933 934
f 934 933 934
f 935 131 936
f 937 413 674
f 678 677 157
f 935 936 938
f 939 937 674
f 416 940 417
f 680 74 643
f 623 253 892
f 941 942 252
f 901 426 902
f 235 234 647
f 943 940 416
f 682 679 651
f 679 682 944
f 95 353 352
f 95 24 945
f 23 203 24
f 353 403 354
f 354 685 703
f 581 582 683
f 703 259 55
f 404 685 354
f 946 382 880
f 947 948 949
f 391 950 392
f 951 952 953
f 954 950 391
f 392 256 710
f 440 691 704
f 955 691 690
f 956 957 383
f 541 540 614
f 335 541 614
f 958 257 207
f 696 959 958
f 873 941 875
f 251 941 252
f 437 960 438
f 961 962 254
f 705 710 711
f 70 449 963
f 714 619 715
f 449 450 707
f 963 449 964
f 962 965 254
f 79 111 709
f 709 111 966
f 709 966 708
f 450 79 709
f 448 967 968
f 456 969 454
f 969 456 970
f 267 970 971
f 970 269 969
f 269 970 267
f 942 972 114
f 626 972 941
f 920 452 973
f 716 974 975
f 976 977 978
f 644 660 979
f 974 211 980
f 211 974 214
f 628 627 451
f 718 419 421
f 86 419 718
f 723 721 160
f 721 161 160
f 729 981 982
f 981 729 728
f 728 309 742
f 668 724 669
f 724 482 669
f 726 168 983
f 168 726 402
f 131 130 468
f 938 468 984
f 58 668 985
f 985 668 986
f 413 472 987
f 472 288 987
f 289 988 989
f 289 989 484
f 990 155 154
f 991 992 155
f 467 481 56
f 481 482 57
f 993 994 995
f 281 996 480
f 487 486 291
f 997 291 293
f 282 480 9
f 9 480 478
f 420 740 11
f 275 740 420
f 740 275 277
f 675 720 276
f 465 998 466
f 634 71 760
f 760 73 548
f 999 813 812
f 813 999 1000
f 28 194 1001
f 25 1002 194
f 1003 484 1004
f 486 483 291
f 487 291 997
f 169 489 488
f 736 1005 1006
f 1005 736 1007
f 734 293 489
f 734 489 169
f 202 595 1008
f 338 337 370
f 1009 1010 1011
f 1012 1013 196
f 495 1012 196
f 3 2 494
f 562 195 1014
f 1013 751 753
f 1015 752 1016
f 1017 89 88
f 1018 506 1019
f 1001 194 1020
f 609 175 758
f 178 174 173
f 521 496 1021
f 1021 496 176
f 508 220 769
f 807 1019 505
f 507 522 508
f 220 176 221
f 92 302 1022
f 1022 302 1023
f 1024 1025 109
f 1026 387 1025
f 506 508 1019
f 771 770 144
f 280 279 1027
f 1028 1029 1030
f 1029 1028 1031
f 756 16 865
f 178 378 754
f 1032 507 1018
f 509 1033 510
f 171 400 1034
f 775 170 1035
f 525 524 8
f 1036 1037 523
f 1037 524 523
f 1038 1039 1040
f 373 314 1038
f 1041 777 778
f 857 1042 604
f 350 824 376
f 347 348 368
f 856 1042 857
f 1043 343 786
f 443 1044 263
f 544 1045 1046
f 1045 544 796
f 517 1047 1048
f 1049 554 845
f 801 1046 1050
f 805 1051 143
f 819 1052 1053
f 117 50 491
f 491 1048 492
f 1054 850 851
f 1055 1056 1057
f 554 553 1058
f 818 1052 819
f 537 1059 1060
f 1061 82 1062
f 816 1027 1063
f 1064 1065 1066
f 279 1067 1027
f 1068 1069 1070
f 101 846 820
f 366 821 593
f 1055 1057 1071
f 195 1072 750
f 181 362 361
f 579 590 583
f 1008 1073 369
f 823 1011 100
f 201 599 595
f 595 1073 1008
f 559 99 365
f 576 560 577
f 560 576 557
f 578 829 576
f 829 578 1074
f 911 1075 1076
f 570 830 829
f 377 599 201
f 827 368 571
f 41 185 39
f 185 349 348
f 185 187 349
f 570 572 830
f 1074 570 829
f 570 1074 565
f 66 828 564
f 655 911 1076
f 31 30 210
f 1077 1078 1079
f 833 1080 834
f 1081 340 339
f 834 1082 1083
f 1084 834 654
f 833 832 1080
f 573 95 1085
f 1085 95 408
f 432 840 573
f 431 37 840
f 835 55 885
f 20 1086 238
f 193 696 684
f 1087 838 1088
f 594 839 583
f 839 594 103
f 97 822 98
f 357 356 853
f 840 355 1089
f 355 357 22
f 1090 1091 1092
f 364 204 203
f 594 842 584
f 839 103 102
f 585 799 1093
f 22 853 23
f 592 842 594
f 1094 1088 191
f 193 694 696
f 1091 838 1087
f 837 1049 845
f 365 101 366
f 559 365 560
f 821 1095 847
f 821 181 1095
f 1096 537 1097
f 1071 1057 843
f 376 824 597
f 824 598 597
f 572 375 830
f 571 375 572
f 600 338 1073
f 601 163 602
f 479 1098 778
f 778 601 737
f 127 1099 659
f 209 29 31
f 909 126 128
f 126 787 127
f 40 347 30
f 347 40 39
f 1100 318 1101
f 1100 319 318
f 319 1100 1102
f 186 784 187
f 1103 857 186
f 619 1104 620
f 1104 619 714
f 1104 1105 1106
f 1105 1104 714
f 631 398 445
f 399 393 445
f 1107 70 963
f 1108 715 79
f 1109 1110 1111
f 1112 1113 1114
f 445 395 265
f 265 395 266
f 223 173 609
f 174 756 175
f 1115 178 867
f 221 1115 867
f 302 223 222
f 956 383 1116
f 1117 107 1118
f 1119 34 1120
f 1121 1122 617
f 768 1123 135
f 1124 1125 1126
f 958 959 257
f 1127 1128 1129
f 1130 61 149
f 623 251 253
f 875 436 438
f 436 875 623
f 1131 134 1132
f 236 882 1133
f 967 269 968
f 1133 441 883
f 883 441 878
f 1134 1135 960
f 955 382 442
f 882 441 1133
f 297 153 298
f 297 151 153
f 452 458 272
f 459 296 476
f 226 225 629
f 226 629 394
f 884 400 401
f 884 401 17
f 859 759 860
f 501 866 68
f 409 408 429
f 409 429 428
f 1136 215 217
f 639 887 1137
f 137 136 881
f 51 53 14
f 1138 639 52
f 699 1139 700
f 264 263 887
f 1140 882 236
f 1141 1142 688
f 236 883 239
f 1143 895 894
f 688 1144 1145
f 1144 688 687
f 138 140 566
f 646 891 645
f 891 646 1143
f 900 657 183
f 1146 235 897
f 895 1147 896
f 427 901 681
f 1148 425 893
f 1149 116 663
f 139 897 650
f 649 648 243
f 649 243 635
f 636 242 1150
f 1151 1152 322
f 242 915 912
f 242 241 653
f 1153 183 182
f 1154 914 1155
f 240 244 241
f 245 244 240
f 122 1156 903
f 1157 1156 122
f 1156 1157 1158
f 944 410 679
f 410 944 1159
f 1151 406 534
f 241 121 123
f 944 418 1159
f 918 1160 917
f 1161 322 321
f 323 128 1162
f 909 787 126
f 1163 1164 1099
f 322 786 909
f 123 1165 405
f 1159 1166 1167
f 940 916 417
f 417 917 1168
f 662 643 644
f 940 918 916
f 1169 1170 976
f 228 42 930
f 232 231 474
f 1171 924 1172
f 1173 1174 1175
f 1176 924 1171
f 1177 919 921
f 676 1178 1179
f 1178 676 1178
f 1180 1179 1181
f 1179 1180 676
f 674 413 415
f 675 415 720
f 675 276 779
f 984 413 937
f 1180 939 676
f 938 984 939
f 1182 131 935
f 116 662 663
f 76 660 644
f 1149 663 426
f 425 1149 426
f 682 902 944
f 681 902 682
f 234 648 647
f 427 426 901
f 1183 205 581
f 24 1183 581
f 582 193 683
f 206 193 684
f 354 703 835
f 430 354 835
f 259 51 55
f 55 51 13
f 435 953 1184
f 1185 951 953
f 384 1186 391
f 382 384 390
f 961 254 256
f 952 1187 954
f 216 955 690
f 881 880 216
f 335 334 541
f 698 326 333
f 334 790 540
f 1188 789 1189
f 706 960 437
f 874 968 268
f 270 874 268
f 874 270 873
f 608 455 454
f 622 448 711
f 256 622 711
f 964 707 965
f 962 963 965
f 606 963 607
f 499 445 444
f 444 265 618
f 78 214 112
f 705 1135 1134
f 960 968 874
f 970 456 971
f 1190 149 148
f 712 458 452
f 1130 59 61
f 1170 1177 977
f 1130 149 1190
f 919 451 453
f 1172 924 1191
f 1192 980 1193
f 980 1192 974
f 458 1193 457
f 1193 458 1192
f 397 56 156
f 271 1194 928
f 1195 157 1196
f 415 721 720
f 415 414 721
f 162 285 1197
f 485 994 486
f 290 484 464
f 1198 729 982
f 669 988 289
f 669 482 988
f 988 1199 1200
f 1200 727 729
f 725 289 288
f 469 986 471
f 726 983 45
f 151 726 152
f 131 468 936
f 936 468 938
f 1201 732 129
f 130 732 468
f 469 472 470
f 470 472 413
f 468 732 469
f 667 156 423
f 156 56 733
f 985 986 1201
f 987 288 414
f 413 987 414
f 484 1198 1004
f 484 1200 1198
f 1202 990 1194
f 1194 231 1203
f 156 733 423
f 666 667 422
f 396 152 467
f 56 481 57
f 283 487 284
f 996 1204 283
f 1205 283 164
f 1205 164 163
f 421 11 10
f 996 283 480
f 480 283 1205
f 480 1205 163
f 276 721 723
f 276 723 722
f 1206 167 166
f 400 1206 166
f 1207 466 400
f 309 466 1207
f 998 167 466
f 728 465 309
f 633 71 634
f 1208 71 633
f 741 548 519
f 741 519 518
f 752 1209 1016
f 1209 752 1001
f 549 741 518
f 634 760 548
f 547 634 548
f 1208 742 71
f 286 1210 1211
f 632 634 1212
f 1002 1213 194
f 1214 981 1213
f 1002 1214 1213
f 1211 25 295
f 25 1211 1002
f 287 1211 295
f 994 745 486
f 745 295 744
f 295 745 294
f 1005 1 748
f 1215 748 747
f 1007 1 1005
f 1 1007 488
f 602 169 490
f 164 997 734
f 997 293 734
f 1073 370 369
f 1215 747 1010
f 292 743 1216
f 743 292 483
f 293 1216 1217
f 1216 293 292
f 1015 812 311
f 196 1218 197
f 1013 1015 1219
f 1219 1015 1218
f 755 611 756
f 519 775 1035
f 175 756 865
f 865 16 763
f 867 173 223
f 867 178 173
f 521 1021 522
f 1021 176 522
f 1220 1221 218
f 93 92 1022
f 1222 1223 388
f 762 1223 1222
f 1024 109 108
f 1224 1225 1112
f 504 769 92
f 504 92 91
f 1033 518 814
f 278 774 279
f 279 511 1067
f 1067 1018 1226
f 755 610 611
f 512 1227 378
f 1228 1229 773
f 814 518 776
f 307 1230 308
f 1230 307 1231
f 773 509 511
f 73 1207 171
f 1207 400 171
f 523 525 603
f 8 282 9
f 1036 719 1037
f 1232 1036 1233
f 84 1232 83
f 1232 84 1036
f 1234 738 780
f 1235 1236 1235
f 1237 1236 1235
f 1238 1237 1239
f 1237 1238 1236
f 1240 856 1241
f 1042 1240 1242
f 1240 1042 856
f 533 1236 1243
f 1238 1244 1244
f 1244 1238 1239
f 1245 674 677
f 857 604 372
f 1042 1246 373
f 1247 1248 1249
f 1238 738 1236
f 373 1038 783
f 1040 1250 782
f 1251 854 825
f 372 1251 784
f 1252 1253 1252
f 1254 1253 1252
f 1254 318 1253
f 318 1254 1255
f 788 529 1256
f 652 122 121
f 324 615 325
f 1257 795 868
f 1258 1259 1260
f 329 553 552
f 553 329 328
f 796 327 329
f 801 837 836
f 324 845 615
f 1261 117 491
f 1048 327 492
f 1261 491 543
f 543 491 493
f 749 750 1262
f 1057 1056 1263
f 795 331 1264
f 793 1265 794
f 1266 1064 1267
f 1268 1269 1270
f 1271 550 80
f 301 300 1268
f 805 1272 1051
f 1273 1274 1064
f 1268 1061 1269
f 1275 1276 806
f 816 1063 1277
f 82 1278 1062
f 1278 82 815
f 1027 1067 1276
f 280 1027 816
f 100 1011 846
f 100 846 101
f 1279 179 846
f 1011 1279 846
f 852 179 181
f 101 820 366
f 1280 1071 180
f 179 1280 180
f 1006 1005 748
f 1055 1281 1056
f 180 362 181
f 180 1071 362
f 202 823 99
f 823 202 1008
f 376 597 599
f 826 1041 1282
f 35 1075 36
f 1075 35 1076
f 98 822 1283
f 830 200 557
f 576 830 557
f 910 578 1075
f 911 910 1075
f 1103 186 185
f 41 1103 185
f 351 350 376
f 351 376 596
f 565 575 570
f 575 565 564
f 642 1144 1077
f 566 568 899
f 118 120 409
f 832 1284 1285
f 1080 199 65
f 832 1285 1080
f 340 1162 569
f 1084 654 656
f 120 573 1085
f 120 1085 408
f 429 885 63
f 428 63 62
f 582 191 193
f 205 191 582
f 696 958 207
f 684 696 207
f 1089 355 22
f 37 355 840
f 583 841 580
f 841 583 839
f 580 822 556
f 822 580 841
f 822 841 356
f 204 1092 205
f 1093 1091 1090
f 103 586 363
f 363 585 1093
f 584 842 587
f 849 117 1261
f 1093 799 1286
f 799 801 1286
f 590 592 594
f 583 590 594
f 698 333 335
f 698 335 695
f 543 493 544
f 1045 552 554
f 1287 366 579
f 1287 579 556
f 587 1054 851
f 1288 89 1017
f 143 48 117
f 848 143 117
f 804 88 1289
f 1053 1052 1271
f 785 1251 1290
f 349 785 350
f 596 376 375
f 571 596 375
f 165 169 602
f 163 165 602
f 490 488 1007
f 490 1007 736
f 1098 163 601
f 1098 601 778
f 336 737 337
f 598 338 600
f 602 490 337
f 337 490 735
f 370 337 735
f 370 735 736
f 782 781 777
f 1282 778 336
f 781 9 479
f 781 479 777
f 1291 128 1284
f 1291 1284 832
f 659 858 29
f 659 1099 858
f 1292 658 209
f 127 659 1292
f 128 127 1292
f 1292 659 658
f 787 1164 1163
f 346 1293 345
f 39 185 347
f 1294 320 858
f 1099 1294 858
f 788 1256 1103
f 788 1103 41
f 1104 499 620
f 861 1295 1296
f 606 1107 963
f 1297 386 500
f 1298 1299 605
f 1025 1297 109
f 224 223 761
f 213 265 211
f 77 621 78
f 859 861 1223
f 762 859 1223
f 223 609 758
f 223 758 761
f 221 176 1115
f 176 178 1115
f 1300 1301 1302
f 1303 1304 1305
f 1304 1303 768
f 1306 1307 1308
f 947 949 946
f 1309 433 956
f 614 1124 1126
f 695 335 1310
f 1126 1125 1311
f 1312 1313 791
f 875 251 623
f 875 941 251
f 892 1314 895
f 646 895 1143
f 645 878 624
f 968 269 268
f 438 960 874
f 1315 440 439
f 440 704 706
f 1316 882 1140
f 1202 991 1317
f 980 476 1193
f 1193 476 457
f 54 226 393
f 393 226 394
f 171 1034 172
f 1034 400 884
f 1296 1295 497
f 1295 1318 498
f 429 835 885
f 835 703 55
f 1319 1320 1321
f 14 1319 1322
f 1304 135 137
f 1304 137 1323
f 701 1324 19
f 217 216 1315
f 1138 52 51
f 260 1138 51
f 700 1325 1326
f 53 19 14
f 53 701 19
f 260 639 1138
f 872 5 4
f 4 6 1327
f 639 1137 52
f 264 887 639
f 1140 238 1086
f 238 1140 236
f 1142 1328 686
f 1321 237 890
f 236 1133 883
f 1329 706 879
f 1077 138 1078
f 899 339 900
f 900 339 657
f 184 1330 1331
f 1332 1333 139
f 1132 1333 1334
f 140 898 566
f 1335 427 681
f 1147 893 896
f 1336 133 235
f 1337 893 1335
f 389 252 877
f 1314 1148 893
f 1333 1146 139
f 1146 897 139
f 689 1132 687
f 1333 235 1146
f 1334 1333 1332
f 897 647 635
f 897 635 650
f 242 653 915
f 653 123 915
f 139 898 140
f 139 650 898
f 566 898 567
f 339 1155 1081
f 635 245 240
f 679 410 1338
f 1338 907 652
f 244 652 241
f 652 1157 122
f 1338 652 244
f 1152 786 322
f 567 1154 1155
f 898 1154 567
f 1150 242 1154
f 786 787 909
f 1152 1043 786
f 1151 1043 1152
f 534 1043 1151
f 1339 908 122
f 908 1339 1340
f 904 122 904
f 122 904 1339
f 908 1340 1341
f 405 1165 406
f 407 406 1151
f 979 660 918
f 916 918 917
f 1342 1343 146
f 1344 1342 145
f 1345 416 902
f 979 918 940
f 426 1345 902
f 663 943 426
f 75 1346 1344
f 643 74 76
f 1194 990 231
f 1347 1348 1349
f 929 43 42
f 1350 1348 1347
f 1203 231 230
f 1351 925 927
f 1351 1352 923
f 44 1353 930
f 1354 1355 1356
f 1357 1358 1359
f 158 779 159
f 1360 419 1361
f 419 1360 159
f 468 470 984
f 984 470 413
f 935 938 672
f 935 1362 1362
f 1363 672 1364
f 1362 935 1363
f 1363 935 672
f 672 671 1364
f 671 672 671
f 116 643 662
f 115 643 116
f 893 427 1335
f 902 418 944
f 902 416 418
f 24 581 945
f 945 581 403
f 24 203 1183
f 203 205 1183
f 208 207 702
f 208 702 260
f 404 683 206
f 403 683 404
f 124 125 1365
f 1113 124 1365
f 390 392 1366
f 442 390 691
f 1116 383 382
f 949 956 946
f 950 961 256
f 950 256 392
f 256 255 622
f 254 965 255
f 136 946 880
f 443 1367 1044
f 326 334 333
f 326 325 334
f 879 437 436
f 878 879 436
f 270 626 873
f 873 626 941
f 446 608 447
f 707 709 708
f 711 448 1135
f 705 711 1135
f 965 1368 446
f 965 707 1368
f 255 965 446
f 255 446 448
f 963 964 965
f 964 449 707
f 607 963 962
f 605 1107 606
f 607 962 961
f 1187 961 950
f 1108 79 449
f 68 713 69
f 715 621 77
f 618 265 213
f 974 112 214
f 112 974 716
f 967 447 269
f 448 447 967
f 960 1135 968
f 1135 448 968
f 111 113 966
f 717 966 113
f 966 717 60
f 1369 1370 680
f 267 971 1371
f 1127 1129 1372
f 1371 971 1127
f 61 628 149
f 971 1130 1128
f 453 452 920
f 919 453 920
f 973 274 925
f 452 274 973
f 451 975 712
f 628 451 1373
f 1373 451 919
f 1374 678 1375
f 676 1374 1376
f 1374 676 678
f 676 1245 677
f 1377 86 1377
f 86 1377 1378
f 1377 86 87
f 1379 464 285
f 414 463 721
f 993 1380 994
f 1380 993 731
f 722 160 730
f 421 420 11
f 11 1381 1382
f 160 162 730
f 1197 285 287
f 1003 1004 285
f 464 1003 285
f 1198 1200 729
f 482 1199 988
f 986 668 471
f 423 985 1201
f 472 725 288
f 471 725 472
f 1201 986 732
f 732 986 469
f 423 733 985
f 733 58 985
f 990 154 231
f 231 154 666
f 457 1202 273
f 1383 465 727
f 465 1383 998
f 726 45 152
f 284 487 997
f 284 997 164
f 603 8 7
f 1381 1384 1382
f 12 11 1382
f 1385 281 8
f 466 167 1206
f 466 1206 400
f 72 309 1207
f 72 1207 73
f 775 73 170
f 170 172 1035
f 1386 549 518
f 1387 1388 1389
f 1390 547 1388
f 1391 1390 1392
f 1210 1002 1211
f 1002 1210 1214
f 287 286 1211
f 981 742 1208
f 981 728 742
f 1213 981 1208
f 1391 1212 1390
f 1380 287 294
f 994 294 745
f 294 994 1380
f 295 27 744
f 27 295 25
f 1393 1010 1009
f 1394 747 1395
f 2 1217 494
f 489 1217 2
f 1217 489 293
f 1216 743 1396
f 743 27 751
f 753 752 1015
f 1013 753 1015
f 1391 632 1212
f 1015 1016 812
f 196 1219 1218
f 196 1013 1219
f 756 611 16
f 1035 1227 512
f 1119 32 34
f 144 91 93
f 1397 388 385
f 387 386 1025
f 1398 861 1106
f 1399 861 1398
f 1400 1224 1301
f 1401 1114 1122
f 1402 1403 379
f 1114 1113 1404
f 1404 1365 1122
f 505 504 770
f 770 504 144
f 1276 1226 806
f 1275 806 513
f 520 512 496
f 520 519 512
f 172 1034 884
f 172 884 610
f 754 756 174
f 178 754 174
f 772 1228 773
f 815 1405 280
f 510 776 521
f 510 521 507
f 774 1406 279
f 774 773 1406
f 316 1243 1039
f 1039 1243 1040
f 1249 1036 523
f 1238 523 738
f 718 421 719
f 719 421 10
f 1040 1243 1250
f 783 1040 854
f 1407 1233 1036
f 857 372 186
f 1042 373 604
f 372 374 1251
f 186 372 784
f 1256 857 1103
f 1408 529 530
f 529 1408 1408
f 1242 1409 1042
f 1409 1042 1409
f 1410 1042 1409
f 1246 1410 1411
f 1410 1246 1042
f 1412 533 532
f 1236 1412 1235
f 1412 1236 533
f 1234 780 1243
f 316 533 1243
f 1413 314 1413
f 314 1413 315
f 854 1040 855
f 1040 782 855
f 1251 783 854
f 374 783 1251
f 1251 825 1290
f 1290 825 824
f 1414 1165 1414
f 1165 1414 1415
f 1255 1416 318
f 1417 406 1165
f 1418 406 1417
f 406 1418 1418
f 1417 1165 1415
f 1419 534 406
f 534 1419 535
f 1419 406 1418
f 1165 1420 1414
f 1102 319 1102
f 1102 527 319
f 528 527 1102
f 527 528 528
f 1416 318 1416
f 318 1416 1101
f 529 857 1256
f 1168 1421 1422
f 917 1421 1168
f 1421 917 1423
f 845 868 615
f 325 616 334
f 1424 1425 1426
f 1427 1428 1429
f 1425 1430 1431
f 1432 1433 1434
f 1435 1436 1307
f 1306 1308 1125
f 1437 1438 328
f 1439 811 1440
f 801 1050 837
f 1050 1049 837
f 1262 1441 1442
f 750 1072 1262
f 1443 1444 81
f 804 1289 805
f 868 795 616
f 1264 331 330
f 845 1257 868
f 845 554 1257
f 793 1445 1265
f 807 505 808
f 516 1446 1267
f 1274 1447 1065
f 1053 1271 299
f 537 539 1059
f 1230 1228 1448
f 1448 772 774
f 89 1449 802
f 1450 1096 1446
f 1096 1097 1446
f 1097 1273 1446
f 1059 1451 304
f 817 819 1452
f 1452 1053 299
f 819 1053 1452
f 1271 80 1061
f 80 82 1061
f 1453 808 1454
f 1455 771 1454
f 1456 774 1405
f 1448 1228 772
f 1063 1275 513
f 514 808 515
f 1009 1011 823
f 847 1095 591
f 593 821 847
f 747 561 563
f 1457 563 1055
f 1458 1396 1013
f 1280 1055 1071
f 1394 1395 179
f 362 843 844
f 181 361 1459
f 200 202 558
f 558 99 559
f 99 558 202
f 375 201 200
f 375 377 201
f 98 1283 355
f 37 98 355
f 577 367 555
f 555 96 577
f 96 555 97
f 834 1080 1082
f 431 1076 35
f 1076 431 655
f 368 349 351
f 368 351 571
f 827 571 575
f 657 831 1460
f 657 341 831
f 1461 1330 118
f 1330 1461 1331
f 1080 65 1082
f 199 66 65
f 321 323 1162
f 569 1162 832
f 183 1460 184
f 118 656 119
f 656 118 1330
f 1082 65 1083
f 1083 65 911
f 432 573 120
f 119 432 120
f 408 352 429
f 429 352 430
f 1088 697 698
f 205 1094 191
f 1089 22 573
f 840 1089 573
f 102 104 364
f 357 853 22
f 191 1088 192
f 205 1092 1094
f 586 585 363
f 104 103 363
f 587 799 585
f 799 587 851
f 842 1054 587
f 545 1046 800
f 1046 545 544
f 1092 1091 1087
f 542 1090 204
f 579 847 590
f 847 591 590
f 1088 698 192
f 192 698 695
f 838 837 324
f 1088 838 697
f 800 1046 801
f 1045 554 1049
f 1046 1045 1049
f 1046 1049 1050
f 844 804 142
f 843 1288 804
f 359 142 141
f 360 848 849
f 849 1261 543
f 850 849 543
f 142 805 143
f 1051 1096 1450
f 1459 358 591
f 1288 1263 89
f 479 478 1098
f 478 163 1098
f 598 336 338
f 1041 778 1282
f 1073 338 370
f 370 736 371
f 855 777 1041
f 855 782 777
f 780 7 781
f 7 9 781
f 1284 209 1285
f 1285 209 198
f 1162 1291 832
f 1162 128 1291
f 858 320 38
f 1284 1292 209
f 128 1292 1284
f 1164 1253 1099
f 347 368 827
f 828 347 827
f 347 828 30
f 502 764 765
f 1107 68 70
f 386 1462 500
f 1398 1105 1463
f 1105 1398 1106
f 110 109 1299
f 109 502 1299
f 1464 1465 863
f 1465 1397 385
f 1404 1113 1365
f 1025 386 1297
f 860 1295 861
f 759 1295 860
f 144 93 1466
f 105 107 1467
f 1220 93 1221
f 1468 1110 1469
f 1302 1301 1114
f 1121 617 434
f 1470 692 433
f 946 956 1116
f 946 1116 382
f 947 946 136
f 135 947 136
f 1367 588 1044
f 612 1189 613
f 792 1471 1472
f 1426 1473 1474
f 766 1475 767
f 1476 1258 791
f 1125 1477 1367
f 959 443 257
f 895 1314 1147
f 132 896 133
f 896 132 894
f 625 623 892
f 706 1134 960
f 706 705 1134
f 955 442 691
f 691 705 704
f 1315 690 440
f 137 881 216
f 882 1315 439
f 1316 1086 1478
f 1086 1316 1140
f 980 459 476
f 980 266 459
f 266 980 211
f 763 1318 1295
f 399 54 393
f 715 77 79
f 15 1141 638
f 1141 1319 1142
f 688 1142 686
f 638 1141 688
f 1322 1319 1141
f 14 21 1319
f 1305 1323 1325
f 1323 1305 1304
f 768 135 1304
f 19 1324 20
f 52 1137 701
f 20 238 1320
f 1324 1478 20
f 1325 1136 1326
f 1136 1325 1323
f 1136 217 1316
f 702 639 260
f 702 258 639
f 52 701 53
f 20 1478 1086
f 1139 1327 700
f 1137 1139 699
f 887 1139 1137
f 1139 4 1327
f 689 1131 1132
f 1142 1321 1328
f 63 640 64
f 63 637 640
f 574 184 1331
f 62 1331 1461
f 1331 62 574
f 1479 831 834
f 1153 1079 183
f 1078 566 1079
f 1079 566 899
f 138 566 1078
f 1144 687 1480
f 1147 1314 893
f 389 877 1314
f 877 116 1149
f 877 1149 425
f 253 389 1314
f 892 253 1314
f 1132 134 1333
f 1336 235 1333
f 915 405 913
f 912 915 913
f 243 1338 244
f 243 679 1338
f 1481 417 1166
f 1166 1482 1483
f 1482 1166 1482
f 1338 410 907
f 410 412 907
f 1154 912 914
f 899 568 339
f 898 1150 1154
f 898 636 1150
f 1155 914 1081
f 1154 242 912
f 1484 1043 1484
f 1043 1484 1485
f 1043 1485 343
f 343 1485 1486
f 1487 534 1488
f 534 1487 1043
f 1043 1487 1484
f 1161 321 1081
f 322 909 323
f 412 1489 1490
f 411 1489 412
f 1489 411 1491
f 412 905 905
f 905 412 1490
f 1492 1165 908
f 1165 1492 1420
f 1341 908 1341
f 908 1341 1492
f 123 908 1165
f 913 405 407
f 913 407 1151
f 411 1491 1491
f 1167 1491 411
f 1167 1493 1491
f 1493 1167 1493
f 1159 411 410
f 411 1159 1167
f 1160 1494 1495
f 1354 1356 1176
f 1496 1497 1498
f 1499 1500 1501
f 644 979 940
f 76 75 660
f 661 246 918
f 918 246 1160
f 943 644 940
f 663 644 943
f 426 943 1345
f 1345 943 416
f 1346 978 1342
f 1502 1351 1503
f 976 1170 977
f 921 1502 1355
f 1504 1176 1171
f 1346 1342 1344
f 44 43 1353
f 1348 664 665
f 1350 475 1348
f 43 230 473
f 1174 665 1505
f 1349 1348 1174
f 667 423 422
f 475 1506 1348
f 928 230 926
f 920 973 1502
f 1351 927 1352
f 933 1507 934
f 1347 1507 933
f 1507 1347 1508
f 1357 1509 1358
f 1172 1509 1357
f 1509 1172 1510
f 1510 1172 1510
f 1511 930 1511
f 930 1511 1512
f 1513 1180 1181
f 1180 1513 1514
f 1513 1180 1513
f 672 1514 673
f 1514 672 1180
f 939 984 937
f 234 681 648
f 681 234 1335
f 233 1335 234
f 1335 233 1337
f 95 945 353
f 945 403 353
f 404 208 685
f 685 208 260
f 1515 952 954
f 1365 125 1516
f 616 795 1264
f 616 1264 330
f 441 1329 879
f 441 879 878
f 79 78 111
f 78 112 111
f 69 1108 449
f 70 69 449
f 69 715 1108
f 713 715 69
f 619 621 715
f 212 214 78
f 1368 608 446
f 1368 707 608
f 447 969 269
f 447 454 969
f 60 455 966
f 455 60 59
f 708 966 455
f 60 717 627
f 717 716 627
f 942 114 252
f 1372 1129 1370
f 626 1371 1127
f 1128 1130 1190
f 971 456 1130
f 456 59 1130
f 452 272 274
f 975 458 712
f 149 628 1373
f 149 1373 919
f 159 420 419
f 420 159 275
f 159 779 275
f 1517 157 1195
f 678 1517 1375
f 678 1375 1375
f 1517 678 157
f 721 463 161
f 463 464 161
f 1382 1204 996
f 739 730 1518
f 730 739 722
f 739 1518 1384
f 1385 1382 281
f 1382 1384 1204
f 1004 1198 982
f 464 484 1003
f 1199 1383 727
f 482 47 1199
f 1200 1199 727
f 983 46 45
f 232 474 473
f 230 232 473
f 928 1203 230
f 928 1194 1203
f 155 397 156
f 457 477 1202
f 476 296 991
f 1202 1317 990
f 57 724 668
f 58 57 668
f 524 10 1385
f 524 1385 8
f 11 739 1381
f 1381 739 1384
f 1388 549 1386
f 1388 547 549
f 1212 634 1390
f 1390 634 547
f 1004 982 286
f 285 1004 286
f 286 982 1210
f 982 1214 1210
f 1214 982 981
f 1213 1208 632
f 632 1208 633
f 28 752 26
f 752 28 1001
f 161 1379 162
f 1197 287 1380
f 1281 562 1014
f 748 1 3
f 1217 1396 1458
f 1217 1216 1396
f 1001 1391 1209
f 1000 1519 1387
f 1209 1391 999
f 1016 999 812
f 999 1016 1209
f 32 218 33
f 1221 1023 219
f 1520 762 1397
f 1521 1520 1397
f 33 219 1521
f 34 33 862
f 1522 1024 108
f 219 224 1521
f 762 758 859
f 758 759 859
f 388 1223 1399
f 1223 861 1399
f 1523 1114 1401
f 1524 434 692
f 1525 1526 1527
f 1525 1468 1526
f 1468 1469 1526
f 1526 1400 1301
f 1528 1225 1224
f 1114 1404 1122
f 1019 503 505
f 1019 508 503
f 1276 1067 1226
f 1226 1018 1019
f 776 520 496
f 518 520 776
f 1227 172 755
f 519 1035 512
f 1035 172 1227
f 755 172 610
f 1519 1388 1387
f 1529 1530 1443
f 1228 1387 1229
f 1389 1388 1386
f 773 1033 509
f 511 1032 1067
f 803 1070 1531
f 1443 1530 1444
f 603 7 780
f 738 603 780
f 1243 780 1250
f 1250 780 782
f 1249 523 1238
f 84 86 719
f 84 719 1036
f 1411 1532 1246
f 1038 1040 783
f 1246 314 373
f 1533 316 317
f 533 1533 1534
f 1533 533 316
f 1534 531 533
f 784 1251 785
f 187 784 349
f 1236 1234 1243
f 1236 738 1234
f 825 855 1041
f 825 1041 826
f 785 1290 824
f 785 824 350
f 1535 1536 1164
f 1537 345 1293
f 345 1537 1164
f 1535 1164 1537
f 1164 1535 1535
f 1408 1538 529
f 1539 529 1538
f 1539 856 529
f 1241 856 1539
f 856 1241 1241
f 871 1540 381
f 871 870 1540
f 1307 1541 1542
f 1308 1543 1313
f 540 1188 1189
f 1189 789 1544
f 50 1048 491
f 50 517 1048
f 1439 1440 327
f 1048 1439 327
f 796 552 1045
f 552 796 329
f 1072 310 1545
f 195 197 1072
f 1218 1015 311
f 306 813 307
f 1263 749 1546
f 1056 749 1263
f 1262 1545 1441
f 1070 550 1052
f 1269 1061 1028
f 1061 1062 1028
f 1447 1059 303
f 1547 1452 301
f 550 1443 551
f 308 1448 1530
f 1448 308 1230
f 1272 1096 1051
f 49 516 50
f 1446 1273 1266
f 143 1051 48
f 1447 303 305
f 1267 809 811
f 1267 811 1047
f 517 1267 1047
f 1451 1452 304
f 1547 301 1548
f 1452 299 301
f 299 1271 300
f 300 1271 1061
f 300 1061 1268
f 1277 1063 513
f 771 144 106
f 105 771 106
f 1226 1019 806
f 806 1019 807
f 846 852 821
f 846 179 852
f 1095 181 1459
f 1095 1459 591
f 747 563 1457
f 1281 1014 1056
f 1010 1394 1011
f 1010 747 1394
f 1457 1055 1395
f 747 1457 1395
f 36 96 98
f 36 98 37
f 560 367 577
f 560 365 367
f 910 565 1074
f 36 578 96
f 578 36 1075
f 569 832 831
f 341 569 831
f 834 1083 654
f 183 657 1460
f 1461 118 409
f 1461 409 62
f 1080 198 199
f 1285 198 1080
f 1084 656 1330
f 184 1084 1330
f 119 655 431
f 655 119 656
f 654 1083 655
f 1083 911 655
f 885 55 886
f 885 886 637
f 853 102 364
f 853 364 23
f 1283 356 355
f 1283 822 356
f 364 363 542
f 204 1090 1092
f 851 800 799
f 800 851 545
f 851 543 545
f 1286 801 1091
f 1093 1286 1091
f 193 192 694
f 192 695 694
f 1092 1088 1094
f 1092 1087 1088
f 838 324 697
f 697 324 326
f 1091 836 838
f 1091 801 836
f 1289 1272 805
f 1289 88 1272
f 359 141 360
f 1054 849 850
f 361 359 1459
f 1071 843 362
f 591 358 1549
f 1459 359 358
f 598 1282 336
f 826 1282 598
f 369 1393 1009
f 1393 369 371
f 1008 1009 823
f 1009 1008 369
f 787 1163 127
f 1163 1099 127
f 345 1164 787
f 343 345 787
f 1294 318 320
f 1099 318 1294
f 1462 1463 501
f 1463 1105 501
f 500 1462 501
f 1299 765 605
f 109 500 502
f 1297 500 109
f 765 68 1107
f 765 1107 605
f 1516 1550 952
f 1299 502 765
f 1528 1522 1225
f 1521 1397 1551
f 1110 1552 1553
f 1225 108 124
f 498 631 499
f 759 763 1295
f 18 54 398
f 1296 497 1106
f 1295 498 497
f 861 1296 1106
f 1117 1118 1119
f 1466 93 1220
f 1554 1120 1555
f 864 1552 1556
f 1552 864 863
f 1120 862 1555
f 1557 1109 1558
f 1559 1402 379
f 1559 379 870
f 381 889 888
f 379 1523 380
f 433 435 957
f 1516 125 1550
f 1523 1401 889
f 1401 1122 889
f 1426 1425 1473
f 1123 947 135
f 1311 1367 443
f 1126 1311 443
f 189 1474 1560
f 589 1561 5
f 1044 588 262
f 1044 262 263
f 1310 1126 959
f 959 1126 443
f 188 190 767
f 1310 959 696
f 696 695 1310
f 1131 1562 134
f 1562 894 132
f 894 1562 1143
f 646 892 895
f 896 893 1337
f 133 1337 233
f 1337 133 896
f 1366 392 710
f 1366 710 705
f 216 690 1315
f 217 1315 882
f 17 630 54
f 630 225 54
f 1105 714 713
f 687 1132 1334
f 637 638 1145
f 1319 1321 1142
f 1321 890 1328
f 15 1322 1141
f 15 14 1322
f 6 1303 1327
f 1327 1303 1305
f 1316 217 882
f 1136 1478 1326
f 1478 1136 1316
f 1319 20 1320
f 21 20 1319
f 1321 238 237
f 1320 238 1321
f 1323 137 1136
f 1136 137 215
f 1137 699 701
f 701 1563 1324
f 887 4 1139
f 261 4 887
f 6 5 1303
f 1328 689 686
f 689 1328 1131
f 239 883 891
f 891 883 645
f 638 688 1145
f 64 574 62
f 574 64 641
f 574 1153 182
f 1079 899 183
f 1314 877 1148
f 1148 877 425
f 252 114 876
f 876 114 116
f 134 1336 1333
f 134 133 1336
f 1332 139 138
f 1334 1332 138
f 1564 1151 322
f 1564 322 1161
f 568 1155 339
f 567 1155 568
f 1481 1166 1159
f 417 1168 1166
f 418 1481 1159
f 418 417 1481
f 536 1488 534
f 652 412 1157
f 1157 1158 1158
f 1157 1565 1158
f 412 1565 1157
f 1565 412 906
f 1160 1494 1494
f 1160 1566 1494
f 246 1566 1160
f 1566 246 1567
f 145 1342 146
f 1497 1568 1569
f 147 1568 1497
f 1568 147 1570
f 1191 1571 1571
f 1191 1572 1571
f 1500 1572 1191
f 1572 1500 1499
f 1573 1504 1343
f 1574 1575 1576
f 1497 1569 1498
f 1574 1576 1577
f 1576 1574 1576
f 1500 1578 1579
f 229 1578 1500
f 1578 229 1580
f 1581 227 1500
f 924 1500 1191
f 1582 978 1346
f 74 1346 75
f 1583 1372 1370
f 1584 1355 1354
f 249 145 1497
f 145 147 1497
f 1174 1175 1175
f 1175 1174 1585
f 1505 1586 1587
f 1182 1586 1505
f 1586 1182 1588
f 474 422 475
f 474 666 422
f 927 929 1352
f 929 927 926
f 926 230 929
f 1502 973 1589
f 973 925 1589
f 1590 1354 1573
f 977 1177 1584
f 43 473 1353
f 473 475 1353
f 1511 930 932
f 672 939 1180
f 672 938 939
f 1515 954 1186
f 1186 954 391
f 1550 605 693
f 1550 693 952
f 952 693 1187
f 954 1187 950
f 540 1189 612
f 614 540 612
f 441 440 1329
f 440 706 1329
f 621 212 78
f 972 1583 114
f 941 972 942
f 1583 1370 1369
f 1369 680 115
f 925 271 928
f 271 925 274
f 627 975 451
f 627 716 975
f 1361 419 86
f 1591 86 1378
f 1361 1591 1592
f 1591 1361 86
f 1592 1361 1592
f 1593 1361 1592
f 1360 1593 1593
f 1593 1360 1361
f 1196 157 1594
f 157 1196 1196
f 1379 285 162
f 161 464 1379
f 740 739 11
f 995 485 487
f 995 994 485
f 1595 995 487
f 1595 487 283
f 730 993 1518
f 993 730 731
f 1384 995 1204
f 281 1382 996
f 47 46 1199
f 45 47 482
f 983 167 46
f 167 983 168
f 46 998 1383
f 998 46 167
f 989 1200 484
f 988 1200 989
f 459 461 296
f 461 297 296
f 991 155 1317
f 298 396 992
f 12 1382 1385
f 10 12 1385
f 1037 719 524
f 719 10 524
f 194 1213 632
f 194 632 1020
f 751 26 752
f 751 27 26
f 748 3 561
f 561 746 562
f 495 1458 1012
f 1458 1013 1012
f 494 1217 1458
f 494 1458 495
f 1396 743 751
f 1396 751 1013
f 1020 632 1391
f 1001 1020 1391
f 1392 1390 1388
f 1392 1388 1519
f 1221 219 218
f 1023 222 219
f 33 1521 1464
f 1551 1397 1465
f 1397 762 1222
f 1397 1222 388
f 1399 1463 1462
f 1463 1399 1398
f 388 1462 386
f 1462 388 1399
f 380 1523 889
f 380 889 381
f 1302 1114 1523
f 1403 1523 379
f 1300 1302 1523
f 1301 1112 1114
f 1301 1224 1112
f 1067 1032 1018
f 1018 507 506
f 754 1227 755
f 378 1227 754
f 1387 1389 1229
f 1389 1386 1229
f 1406 773 511
f 1406 511 279
f 1229 1033 773
f 1033 814 510
f 1596 306 546
f 1218 311 310
f 1597 1249 1248
f 1036 1597 1407
f 1036 1407 1407
f 1597 1036 1249
f 314 316 1038
f 1038 316 1039
f 527 529 788
f 319 788 320
f 788 319 527
f 1598 1599 1560
f 1474 1598 1560
f 1434 1433 871
f 1432 1434 1600
f 870 379 1540
f 1540 379 381
f 1601 1602 1259
f 1476 1429 1258
f 1603 1307 613
f 1544 1435 1189
f 1477 1312 588
f 1189 1603 613
f 1604 1426 1259
f 1426 1604 1424
f 1560 1605 1606
f 1048 1047 1439
f 1047 811 1439
f 544 492 796
f 493 492 544
f 327 1437 328
f 310 312 306
f 312 813 306
f 311 813 312
f 1545 310 757
f 813 1231 307
f 1231 813 1000
f 1056 1014 749
f 1014 195 749
f 1262 1072 1545
f 1052 550 1271
f 1545 1596 1441
f 546 1530 1529
f 554 1058 793
f 1607 1277 1608
f 1278 815 816
f 1269 1028 1270
f 1609 1268 1270
f 1267 1064 809
f 551 1443 81
f 551 81 80
f 81 815 82
f 815 81 1405
f 1444 1405 81
f 1405 1444 1456
f 1610 1443 550
f 1070 1610 550
f 1446 1266 1267
f 516 1267 517
f 88 90 1611
f 1611 797 538
f 817 1452 1451
f 1059 817 1451
f 1097 537 1273
f 537 1060 1273
f 1059 304 303
f 1277 513 1612
f 1612 513 515
f 1455 505 771
f 789 1435 1544
f 332 1435 789
f 332 1436 1435
f 331 1436 332
f 331 1541 1436
f 794 1541 331
f 794 1427 1541
f 1265 1427 794
f 1265 1428 1427
f 1445 1428 1265
f 1445 1602 1428
f 1613 1602 1445
f 1613 1604 1602
f 1614 1604 1613
f 1614 1424 1604
f 1438 1424 1614
f 1438 1425 1424
f 1615 1425 1438
f 1615 1430 1425
f 1616 1430 1615
f 1616 1617 1430
f 810 1617 1616
f 810 1433 1617
f 1066 1433 810
f 1066 869 1433
f 1065 869 1066
f 1065 870 869
f 1618 870 1065
f 1618 1559 870
f 305 1559 1618
f 305 1402 1559
f 1619 1402 305
f 1619 1620 1402
f 1548 1620 1619
f 1548 1527 1620
f 1621 1527 1548
f 1621 1525 1527
f 1609 1525 1621
f 1609 1622 1525
f 1270 1622 1609
f 1270 1558 1622
f 1030 1558 1270
f 1030 1557 1558
f 1029 1557 1030
f 1029 1623 1557
f 1607 1623 1029
f 1607 1554 1623
f 1608 1554 1607
f 1608 1624 1554
f 1612 1624 1608
f 1612 1625 1624
f 515 1625 1612
f 515 1117 1625
f 1453 1117 515
f 1453 1467 1117
f 1454 1467 1453
f 1454 105 1467
f 105 1454 1626
f 1393 1006 1010
f 371 1006 1393
f 1006 371 736
f 1279 1394 179
f 1011 1394 1279
f 367 366 1287
f 367 1287 556
f 910 1074 578
f 65 67 910
f 67 565 910
f 209 210 198
f 198 210 66
f 1479 834 1084
f 184 1460 1084
f 363 1090 542
f 363 1093 1090
f 1627 537 1096
f 1628 1627 1096
f 1051 1450 49
f 48 1051 49
f 1057 1288 843
f 1057 1263 1288
f 1288 1017 804
f 1017 88 804
f 360 143 848
f 1549 358 1629
f 844 142 359
f 362 844 359
f 599 1073 595
f 599 600 1073
f 1630 1164 1536
f 1630 1253 1164
f 1253 1630 1252
f 1253 318 1099
f 502 501 764
f 764 501 68
f 125 1299 1298
f 110 1299 125
f 1225 1522 108
f 1110 1553 1528
f 1112 1225 1113
f 1113 1225 124
f 499 444 618
f 620 499 618
f 763 16 1318
f 1318 398 498
f 107 1466 1220
f 107 144 1466
f 1119 1220 32
f 1220 218 32
f 107 1220 1118
f 1118 1220 1119
f 1467 107 1117
f 1117 1119 1625
f 1553 1026 1631
f 1554 1555 1632
f 1110 1528 1469
f 1400 1528 1224
f 1111 1110 1468
f 1632 862 864
f 1120 34 862
f 1555 862 1632
f 1632 1556 1109
f 1556 1632 864
f 1625 1119 1120
f 1554 1632 1623
f 889 1121 434
f 889 1122 1121
f 190 1606 948
f 956 433 957
f 617 953 435
f 957 435 1184
f 1633 381 1524
f 1634 1524 1470
f 1124 613 1125
f 614 613 1124
f 767 1635 947
f 767 190 1635
f 948 1309 956
f 948 956 949
f 1636 614 1126
f 1636 1126 1310
f 1311 1125 1367
f 1367 1477 588
f 1561 1472 5
f 1313 1476 791
f 890 1131 1328
f 1131 890 1562
f 691 390 1366
f 691 1366 705
f 216 880 955
f 880 382 955
f 501 1105 866
f 866 1105 713
f 687 1334 1480
f 1480 1334 138
f 1563 1326 1324
f 1324 1326 1478
f 701 700 1563
f 700 1326 1563
f 891 1562 890
f 1562 891 1143
f 641 1153 574
f 641 642 1153
f 1583 1369 114
f 114 1369 115
f 340 321 1162
f 1081 321 340
f 1161 913 1564
f 913 1151 1564
f 914 913 1161
f 1081 914 1161
f 1167 1637 1493
f 1166 1637 1167
f 1637 1166 1483
f 246 1638 1567
f 246 1638 1638
f 1638 246 248
f 1166 1639 1482
f 1166 1640 1639
f 1168 1640 1166
f 1168 1422 1640
f 1422 1168 1422
f 75 1344 145
f 249 1641 250
f 1497 1641 249
f 1641 1497 1496
f 1573 1642 1504
f 1342 1573 1343
f 147 1343 1574
f 1504 1171 1172
f 147 1570 1570
f 147 1643 1570
f 1574 1643 147
f 1643 1574 1577
f 1172 1644 1645
f 1191 1644 1172
f 1644 1191 1571
f 1501 1500 1579
f 1500 1501 1501
f 923 227 1581
f 1500 227 229
f 1356 1503 922
f 1176 922 924
f 148 1177 1170
f 149 919 150
f 1582 976 978
f 1370 976 1582
f 1583 1127 1372
f 148 150 1177
f 1349 1646 1646
f 1646 1349 1647
f 1174 1647 1349
f 1647 1174 1173
f 1508 1347 1648
f 1348 665 1174
f 475 422 1506
f 1649 935 1362
f 1182 1649 1650
f 1649 1182 935
f 1651 1182 1650
f 424 423 1201
f 424 1201 129
f 1506 422 664
f 1506 664 1348
f 42 44 930
f 1352 42 227
f 42 1352 929
f 923 1352 227
f 1502 1589 1351
f 1589 925 1351
f 1356 922 1176
f 921 920 1502
f 1353 1350 1347
f 1353 475 1350
f 930 1353 933
f 933 1353 1347
f 1347 1648 1648
f 1648 1347 1652
f 1349 1652 1347
f 1652 1349 1653
f 1653 1349 1646
f 1178 676 1376
f 1505 131 1182
f 1588 1182 1651
f 677 674 675
f 677 675 779
f 1122 1365 1185
f 1365 1516 1185
f 693 607 1187
f 1187 607 961
f 125 1298 1550
f 1298 605 1550
f 383 1186 384
f 957 1186 383
f 334 616 790
f 616 330 790
f 540 330 1188
f 330 789 1188
f 1127 971 1128
f 626 267 1371
f 273 1202 271
f 271 1202 1194
f 975 1192 458
f 975 974 1192
f 1654 1360 1593
f 157 1654 1594
f 1654 157 1360
f 157 159 1360
f 162 1197 1380
f 731 162 1380
f 1204 995 1595
f 1204 1595 283
f 1518 993 995
f 1384 1518 995
f 1199 46 1383
f 296 298 991
f 992 396 155
f 562 1655 195
f 562 495 1655
f 219 222 224
f 1023 302 222
f 1521 224 1520
f 224 762 1520
f 1403 1300 1523
f 1402 1300 1403
f 1656 1301 1300
f 1527 1656 1300
f 511 510 1032
f 1032 510 507
f 1229 1386 1033
f 1386 518 1033
f 1231 1387 1230
f 1230 1387 1228
f 1069 1529 1443
f 1441 1069 1068
f 1657 1238 1658
f 1249 1657 1247
f 1249 1247 1247
f 1657 1249 1238
f 1244 1658 1238
f 1659 1413 314
f 1532 1246 1532
f 1660 1246 1532
f 314 1660 1659
f 1660 314 1246
f 1661 344 343
f 1617 1433 1432
f 1473 1425 1431
f 1429 1602 1601
f 1428 1602 1429
f 1543 1429 1476
f 1436 1541 1307
f 1189 1435 1603
f 1603 1435 1307
f 1308 1313 1312
f 1542 1541 1543
f 1125 1308 1477
f 1477 1308 1312
f 1662 1474 189
f 1258 1260 1471
f 1561 792 1472
f 1473 1431 1474
f 1663 1474 1662
f 327 1440 1437
f 1440 1438 1437
f 757 306 1596
f 1545 757 1596
f 999 1391 1392
f 1000 1387 1231
f 1449 1442 803
f 749 1262 1546
f 1441 1596 1069
f 1069 546 1529
f 553 1613 1445
f 795 794 331
f 1257 793 795
f 554 793 1257
f 1062 1031 1028
f 1031 1062 1278
f 1278 816 1031
f 1029 1031 1607
f 1270 1028 1030
f 1548 301 1621
f 301 1268 1621
f 811 810 1616
f 1274 1065 1064
f 1447 1618 1065
f 1273 1447 1274
f 1405 774 278
f 1405 278 280
f 49 1446 516
f 1450 1446 49
f 797 1531 818
f 89 802 90
f 797 818 798
f 1442 1441 803
f 1272 1628 1096
f 88 1628 1272
f 538 817 539
f 539 817 1059
f 304 1547 1548
f 304 1452 1547
f 1063 1027 1275
f 1027 1276 1275
f 513 806 514
f 514 806 808
f 1608 1277 1612
f 515 808 1453
f 808 1455 1454
f 808 505 1455
f 1454 771 1626
f 1626 771 105
f 1006 1215 1010
f 1006 748 1215
f 1395 1055 1280
f 1395 1280 179
f 1460 1479 1084
f 1460 831 1479
f 1629 360 849
f 1549 1629 842
f 1465 387 1026
f 387 1465 385
f 863 1026 1552
f 1026 863 1465
f 1026 1025 1631
f 1522 1025 1024
f 497 499 1104
f 1106 497 1104
f 498 398 631
f 398 399 445
f 1558 1111 1468
f 1558 1109 1111
f 1469 1528 1400
f 1526 1469 1400
f 1558 1468 1622
f 1622 1468 1525
f 1556 1552 1110
f 1109 1556 1110
f 862 33 1464
f 862 1464 863
f 1625 1120 1624
f 1624 1120 1554
f 1623 1109 1557
f 1109 1623 1632
f 1184 953 1186
f 957 1184 1186
f 1524 888 434
f 1524 381 888
f 1598 1432 1599
f 1606 1470 1309
f 1599 1432 1600
f 1606 1634 1470
f 613 1306 1125
f 613 1307 1306
f 1664 768 1303
f 768 1664 766
f 5 1664 1303
f 767 947 1123
f 768 767 1123
f 1310 335 1636
f 335 614 1636
f 872 589 5
f 262 589 872
f 1145 642 640
f 642 1145 1144
f 637 1145 640
f 1480 138 1077
f 1144 1480 1077
f 1327 1305 700
f 700 1305 1325
f 1562 132 134
f 917 1665 1423
f 917 1665 1665
f 917 1666 1665
f 1160 1666 917
f 1666 1160 1495
f 75 145 1667
f 1667 145 249
f 1343 1504 1574
f 146 1343 147
f 1573 1354 1642
f 977 1354 1590
f 1574 1668 1575
f 1357 1668 1574
f 1668 1357 1359
f 1359 1357 1359
f 1574 1504 1357
f 924 1581 1500
f 924 923 1581
f 1503 1351 922
f 922 1351 923
f 1354 1176 1642
f 1642 1176 1504
f 1370 1129 1169
f 150 919 1177
f 1370 1169 976
f 680 1370 1582
f 977 1584 1354
f 978 977 1590
f 1128 148 1129
f 1128 1190 148
f 1505 1587 1669
f 1174 1669 1585
f 1505 1669 1174
f 1587 1505 1587
f 665 129 462
f 422 424 664
f 664 424 129
f 228 1670 1671
f 930 1670 228
f 1670 930 1512
f 229 1580 1580
f 229 1671 1580
f 228 1671 229
f 1671 228 1671
f 665 462 1505
f 462 131 1505
f 157 677 158
f 677 779 158
f 676 939 1245
f 939 674 1245
f 951 1516 952
f 1185 1516 951
f 617 1185 953
f 1122 1185 617
f 953 1515 1186
f 953 952 1515
f 972 1127 1583
f 626 1127 972
f 991 298 992
f 1317 155 990
f 563 562 1281
f 1055 563 1281
f 561 3 746
f 3 495 746
f 495 196 1655
f 1655 196 195
f 93 1023 1221
f 93 1022 1023
f 1527 1300 1620
f 1620 1300 1402
f 1527 1526 1656
f 1526 1301 1656
f 1456 1448 774
f 1530 1456 1444
f 1456 1530 1448
f 546 308 1530
f 1596 546 1069
f 1661 343 1486
f 343 1661 1661
f 1433 869 871
f 1602 1604 1259
f 1542 1543 1308
f 1307 1542 1308
f 1543 1427 1429
f 1541 1427 1543
f 1313 1543 1476
f 589 792 1561
f 1471 1475 1472
f 1475 1471 1662
f 1662 189 1475
f 1260 1662 1471
f 1662 1260 1663
f 1429 1601 1258
f 1601 1259 1258
f 1663 1426 1474
f 1259 1663 1260
f 1663 1259 1426
f 1430 1617 1431
f 1431 1617 1432
f 197 310 1072
f 197 1218 310
f 999 1392 1000
f 1000 1392 1519
f 1449 803 802
f 1263 1546 89
f 797 803 1531
f 89 1546 1449
f 1069 1443 1610
f 1070 1069 1610
f 328 1613 553
f 1613 328 1614
f 328 1438 1614
f 1058 1445 793
f 553 1445 1058
f 1031 816 1672
f 1672 816 1277
f 1621 1268 1609
f 1266 1273 1064
f 1440 1615 1438
f 811 1616 1440
f 1060 1447 1273
f 1060 1059 1447
f 305 304 1619
f 1619 304 1548
f 90 802 1611
f 1611 802 797
f 803 1441 1068
f 803 1068 1070
f 1531 1052 818
f 1531 1070 1052
f 798 818 817
f 538 798 817
f 1628 538 1627
f 1627 538 537
f 358 360 1629
f 591 1549 842
f 1464 1551 1465
f 1464 1521 1551
f 1631 1025 1522
f 1552 1026 1553
f 16 398 1318
f 16 18 398
f 1606 1309 948
f 1470 433 1309
f 190 1560 1606
f 189 1560 190
f 1434 871 1600
f 1600 1633 1524
f 190 948 1635
f 1635 948 947
f 588 791 589
f 1312 791 588
f 1077 1079 1153
f 642 1077 1153
f 1667 249 661
f 75 1667 661
f 1177 1355 1584
f 1177 921 1355
f 1504 1172 1357
f 1172 1645 1510
f 1129 148 1169
f 1169 148 1170
f 74 1582 1346
f 680 1582 74
f 1342 1590 1573
f 978 1590 1342
f 477 991 1202
f 476 991 477
f 1475 188 767
f 1475 189 188
f 1472 766 1664
f 766 1472 1475
f 5 1472 1664
f 1546 1262 1449
f 1449 1262 1442
f 1031 1672 1607
f 1672 1277 1607
f 1064 1066 810
f 1064 810 809
f 1440 1616 1615
f 1447 305 1618
f 1628 1611 538
f 88 1611 1628
f 1629 849 1054
f 842 1629 1054
f 1553 1631 1522
f 1553 1522 1528
f 1560 1599 1605
f 1470 1524 692
f 1474 1431 1598
f 1431 1432 1598
f 1600 871 1633
f 871 381 1633
f 1599 1600 1605
f 1600 1524 1634
f 791 1258 792
f 792 1258 1471
f 1355 1502 1356
f 1356 1502 1503
f 1605 1600 1634
f 1605 1634 1606
f 1673 1487 1488
f 1673 1488 536
f 1487 1673 1674
f 1486 1675 1661
f 1485 1675 1486
f 1675 1485 1676
f 1677 1496 1498
f 1496 1677 1641
f 1641 1677 1678
f 1679 1196 1196
f 1680 1196 1679
f 1196 1680 1195
f 1195 1680 1517
f 1681 85 83
f 85 1681 1682
f 1683 1593 1684
f 1683 1593 1593
f 1593 1683 1654
f 1685 1649 1686
f 1649 1685 1650
f 1650 1685 1651
f 1687 1247 1657
f 1247 1687 1688
f 1630 1689 1690
f 1536 1689 1630
f 1535 1689 1536
f 1689 1535 1535
f 1691 1414 1420
f 1414 1691 1414
f 1420 1692 1691
f 1692 1420 1492
f 1693 1179 1694
f 1693 1181 1179
f 1693 1513 1181
f 1513 1693 1513
f 1684 1592 1695
f 1592 1684 1593
f 1693 1514 1513
f 1514 1693 1696
f 1697 1671 1698
f 1671 1697 1580
f 1699 1660 1532
f 1660 1699 1700
f 1701 1241 1241
f 1701 1241 1702
f 1241 1701 1240
f 1703 532 531
f 532 1703 1412
f 1412 1703 1704
f 1254 1705 1706
f 1705 1254 1252
f 342 1707 346
f 1707 342 1708
f 344 1708 342
f 1708 344 1675
f 1661 1675 344
f 1675 1661 1661
f 1709 1494 1566
f 1494 1709 1710
f 1711 1341 1340
f 1341 1711 1341
f 1339 1711 1340
f 1711 1339 1712
f 1713 1158 1158
f 1158 1713 1156
f 1713 1158 1714
f 535 1673 536
f 1419 1673 535
f 1673 1419 1715
f 1679 1654 1683
f 1679 1594 1654
f 1594 1679 1196
f 1716 1374 1717
f 1716 1376 1374
f 1716 1178 1376
f 1178 1716 1178
f 1694 1178 1716
f 1178 1694 1179
f 673 1696 1718
f 1696 673 1514
f 1718 671 673
f 671 1718 671
f 1718 1364 671
f 1718 1363 1364
f 1363 1718 1719
f 1720 1510 1721
f 1510 1720 1509
f 1722 1413 1659
f 1700 1659 1660
f 1722 1659 1700
f 1413 1722 1413
f 1722 315 1413
f 315 1722 313
f 313 1722 1723
f 1699 1411 1410
f 1411 1699 1532
f 1699 1410 1724
f 1532 1699 1532
f 1725 528 528
f 1725 528 1726
f 528 1725 526
f 1688 1247 1247
f 1247 1688 1248
f 1248 1688 1597
f 1597 1688 1727
f 1728 1239 1237
f 1728 1237 1729
f 1239 1728 1244
f 1728 1244 1244
f 1244 1728 1658
f 1687 1658 1728
f 1658 1687 1657
f 1730 83 1232
f 83 1730 83
f 83 1730 1681
f 1731 1378 1377
f 1378 1731 1591
f 1591 1731 1732
f 1682 1377 87
f 1682 87 85
f 1377 1682 1377
f 1377 1682 1731
f 1732 1592 1591
f 1592 1732 1592
f 1592 1732 1695
f 1703 1534 1533
f 1703 1533 1733
f 1534 1703 531
f 1100 1734 1735
f 1101 1734 1100
f 1734 1101 1416
f 1416 1734 1416
f 1706 1416 1255
f 1416 1706 1734
f 1706 1255 1254
f 1537 1707 1736
f 1293 1707 1537
f 346 1707 1293
f 1707 346 346
f 1252 1690 1705
f 1252 1690 1252
f 1690 1252 1630
f 1535 1736 1689
f 1736 1535 1537
f 1737 248 247
f 1737 247 1738
f 248 1737 1638
f 1737 1638 1638
f 1638 1737 1567
f 1709 1567 1737
f 1567 1709 1566
f 1739 1665 1666
f 1665 1739 1740
f 1710 1494 1494
f 1494 1710 1495
f 1495 1710 1666
f 1666 1710 1739
f 1741 1483 1482
f 1483 1741 1637
f 1637 1741 1742
f 1743 1490 1489
f 1490 1743 905
f 1743 1489 1744
f 1745 1491 1493
f 1491 1745 1746
f 906 1747 1565
f 905 1747 906
f 905 1747 905
f 1747 905 1743
f 1341 1692 1492
f 1692 1341 1711
f 1748 1517 1680
f 1517 1748 1375
f 1717 1375 1748
f 1717 1375 1375
f 1375 1717 1374
f 1362 1719 1749
f 1719 1362 1363
f 1749 1362 1362
f 1686 1362 1749
f 1362 1686 1649
f 1750 1358 1509
f 1358 1750 1359
f 1750 1509 1720
f 1359 1750 1359
f 1751 1576 1575
f 1752 1575 1668
f 1751 1575 1752
f 1576 1751 1576
f 1753 1579 1578
f 1753 1578 1754
f 1579 1753 1501
f 1755 932 931
f 1755 1511 932
f 1755 1511 1511
f 1511 1755 1756
f 1757 1758 1759
f 1757 1759 1760
f 1761 1758 1757
f 1757 1760 1762
f 1758 1761 1763
f 1757 1762 1764
f 1763 1761 1765
f 1757 1764 1766
f 1765 1761 1767
f 1757 1766 1768
f 1767 1761 1769
f 1757 1768 1770
f 1769 1761 1771
f 1757 1770 1772
f 1771 1761 1773
f 1757 1772 1774
f 1773 1761 1775
f 1757 1774 1776
f 1775 1761 1777
f 1757 1776 1778
f 1777 1761 1779
f 1757 1778 1780
f 1779 1761 1781
f 1781 1761 1782
f 1783 1757 1780
f 1784 1757 1783
f 1785 1757 1784
f 1786 1785 1787
f 1786 1787 1788
f 1785 1786 1757
f 1789 1786 1790
f 1790 1786 1788
f 1782 1761 1791
f 1761 1792 1791
f 1761 1793 1792
f 1761 1794 1793
f 1795 1794 1761
f 1794 1795 1796
f 1796 1795 1797
f 1798 1786 1789
f 1795 1799 1797
f 1800 1786 1798
f 1795 1801 1799
f 1802 1786 1800
f 1795 1803 1801
f 1804 1786 1802
f 1795 1805 1803
f 1806 1786 1804
f 1795 1807 1805
f 1808 1786 1806
f 1795 1809 1807
f 1810 1786 1808
f 1795 1811 1809
f 1812 1786 1810
f 1795 1813 1811
f 1814 1786 1812
f 1795 1815 1813
f 1816 1786 1814
f 1795 1817 1815
f 1818 1786 1816
f 1795 1819 1817
f 1786 1818 1795
f 1795 1820 1819
f 1795 1818 1820
f 1821 1585 1669
f 1822 1585 1821
f 1585 1822 1175
f 1823 1646 1646
f 1646 1823 1653
f 1823 1652 1653
f 1652 1823 1824
f 317 1825 317
f 1733 317 1825
f 317 1733 1533
f 1826 1242 1240
f 1242 1826 1409
f 1826 1240 1701
f 1409 1826 1409
f 1724 1409 1826
f 1409 1724 1410
f 1827 1408 1408
f 1827 1408 1828
f 1408 1827 1538
f 1538 1827 1539
f 1828 530 526
f 1828 526 1725
f 530 1828 1408
f 1102 1735 1829
f 1102 1735 1102
f 1735 1102 1100
f 1729 1235 1830
f 1235 1729 1237
f 1727 1407 1597
f 1407 1727 1831
f 1831 1407 1407
f 1407 1831 1233
f 1233 1831 1232
f 1232 1831 1730
f 1484 1676 1485
f 1676 1484 1832
f 1678 250 1641
f 1678 250 250
f 250 1678 1833
f 1742 1493 1637
f 1493 1742 1493
f 1493 1742 1745
f 1834 1640 1422
f 1640 1834 1835
f 1835 1482 1639
f 1835 1639 1640
f 1482 1835 1482
f 1482 1835 1741
f 1565 1714 1158
f 1714 1565 1747
f 1836 904 903
f 904 1836 904
f 1156 1836 903
f 1836 1156 1713
f 1415 1837 1417
f 1691 1415 1414
f 1415 1691 1837
f 1838 1501 1501
f 1838 1501 1753
f 1501 1838 1499
f 1499 1838 1572
f 1721 1645 1644
f 1645 1721 1510
f 1721 1644 1839
f 1510 1721 1510
f 1751 1577 1576
f 1577 1751 1643
f 1643 1751 1840
f 1841 1572 1838
f 1572 1841 1571
f 1821 1587 1842
f 1587 1821 1669
f 1685 1588 1651
f 1685 1586 1588
f 1586 1685 1843
f 1822 1175 1175
f 1175 1822 1173
f 1844 1173 1822
f 1173 1844 1647
f 1844 1646 1647
f 1646 1844 1823
f 1845 1648 1648
f 1648 1845 1508
f 1845 1507 1508
f 1507 1845 1846
f 1824 1648 1652
f 1648 1824 1845
f 1756 1512 1511
f 1512 1756 1670
f 1670 1756 1847
f 1847 1671 1670
f 1671 1847 1671
f 1671 1847 1698
f 1723 317 313
f 317 1723 1825
f 1702 1539 1827
f 1539 1702 1241
f 1726 1102 1829
f 1102 1726 528
f 1704 1235 1412
f 1704 1235 1235
f 1235 1704 1830
f 1484 1832 1484
f 1484 1674 1832
f 1674 1484 1487
f 1570 1848 1570
f 1849 1570 1848
f 1570 1849 1568
f 1677 1569 1568
f 1677 1568 1849
f 1569 1677 1498
f 1744 1491 1491
f 1491 1744 1489
f 1744 1491 1746
f 1740 1665 1665
f 1665 1740 1423
f 1423 1740 1421
f 1421 1740 1850
f 1850 1422 1421
f 1422 1850 1422
f 1422 1850 1834
f 904 1712 1339
f 1712 904 1836
f 1418 1837 1851
f 1837 1418 1417
f 1418 1715 1419
f 1418 1715 1418
f 1715 1418 1851
f 1750 1668 1359
f 1668 1750 1752
f 1839 1571 1571
f 1839 1571 1841
f 1571 1839 1644
f 1754 1580 1580
f 1754 1580 1697
f 1580 1754 1578
f 1843 1587 1586
f 1843 1587 1587
f 1587 1843 1842
f 1846 934 1507
f 934 1846 934
f 934 1846 1852
f 1852 931 934
f 931 1852 1755
f 1738 250 1833
f 250 1738 247
f 1840 1570 1643
f 1570 1840 1848
f 1853 1763 1854
f 1763 1853 1758
f 1818 1855 1820
f 1855 1818 1856
f 1794 1857 1858
f 1857 1794 1796
f 1785 1859 1860
f 1859 1785 1784
f 1861 1777 1862
f 1777 1861 1775
f 1809 1863 1807
f 1863 1809 1864
f 1801 1865 1866
f 1865 1801 1803
f 1867 1771 1868
f 1771 1867 1769
f 1782 1869 1870
f 1869 1782 1791
f 1779 1871 1872
f 1871 1779 1781
f 1815 1873 1813
f 1873 1815 1874
f 1813 1875 1811
f 1875 1813 1873
f 1819 1876 1817
f 1876 1819 1877
f 1805 1863 1878
f 1863 1805 1807
f 1797 1879 1880
f 1879 1797 1799
f 1784 1881 1859
f 1881 1784 1783
f 1882 1767 1883
f 1767 1882 1765
f 1854 1765 1882
f 1765 1854 1763
f 1883 1769 1867
f 1769 1883 1767
f 1884 1775 1861
f 1775 1884 1773
f 1868 1773 1884
f 1773 1868 1771
f 1792 1885 1886
f 1885 1792 1793
f 1793 1858 1885
f 1858 1793 1794
f 1777 1872 1862
f 1872 1777 1779
f 1811 1864 1809
f 1864 1811 1875
f 1817 1874 1815
f 1874 1817 1876
f 1820 1877 1819
f 1877 1820 1855
f 1674 1853 1854
f 1676 1854 1882
f 1853 1674 1673
f 1708 1882 1883
f 1715 1853 1673
f 1736 1883 1867
f 1853 1715 1887
f 1690 1867 1868
f 1837 1887 1851
f 1706 1868 1884
f 1887 1837 1888
f 1735 1884 1861
f 1691 1888 1837
f 1829 1861 1862
f 1692 1888 1691
f 1725 1862 1872
f 1888 1692 1889
f 1711 1889 1692
f 1851 1887 1715
f 1854 1832 1674
f 1854 1676 1832
f 1882 1675 1676
f 1882 1708 1675
f 1883 1707 1708
f 1883 1736 1707
f 1827 1872 1871
f 1867 1689 1736
f 1867 1690 1689
f 1868 1705 1690
f 1868 1706 1705
f 1884 1734 1706
f 1884 1735 1734
f 1701 1871 1870
f 1861 1829 1735
f 1862 1726 1829
f 1862 1725 1726
f 1872 1828 1725
f 1724 1870 1869
f 1872 1827 1828
f 1871 1702 1827
f 1871 1701 1702
f 1870 1826 1701
f 1870 1724 1826
f 1700 1869 1886
f 1869 1699 1724
f 1869 1700 1699
f 1886 1722 1700
f 1723 1886 1885
f 1886 1723 1722
f 1885 1825 1723
f 1885 1733 1825
f 1858 1733 1885
f 1858 1703 1733
f 1858 1704 1703
f 1857 1704 1858
f 1704 1857 1830
f 1830 1857 1729
f 1880 1729 1857
f 1729 1880 1728
f 1728 1880 1687
f 1879 1687 1880
f 1687 1879 1688
f 1688 1879 1727
f 1866 1727 1879
f 1727 1866 1831
f 1831 1866 1730
f 1865 1730 1866
f 1730 1865 1681
f 1681 1865 1682
f 1878 1682 1865
f 1682 1878 1731
f 1731 1878 1732
f 1863 1732 1878
f 1732 1863 1695
f 1695 1863 1684
f 1864 1684 1863
f 1684 1864 1683
f 1875 1683 1864
f 1683 1875 1679
f 1679 1875 1680
f 1873 1680 1875
f 1680 1873 1748
f 1748 1873 1717
f 1874 1717 1873
f 1717 1874 1716
f 1716 1874 1694
f 1876 1694 1874
f 1694 1876 1693
f 1712 1889 1711
f 1889 1712 1890
f 1836 1890 1712
f 1713 1890 1836
f 1890 1713 1891
f 1714 1891 1713
f 1747 1891 1714
f 1891 1747 1892
f 1743 1892 1747
f 1744 1892 1743
f 1892 1744 1893
f 1746 1893 1744
f 1893 1746 1894
f 1745 1894 1746
f 1742 1894 1745
f 1894 1742 1895
f 1741 1895 1742
f 1835 1895 1741
f 1895 1835 1896
f 1834 1896 1835
f 1850 1896 1834
f 1896 1850 1897
f 1740 1897 1850
f 1739 1897 1740
f 1897 1739 1898
f 1710 1898 1739
f 1709 1898 1710
f 1898 1709 1881
f 1737 1881 1709
f 1738 1881 1737
f 1881 1738 1859
f 1833 1859 1738
f 1678 1859 1833
f 1860 1678 1677
f 1678 1860 1859
f 1849 1860 1677
f 1899 1849 1848
f 1899 1848 1840
f 1849 1899 1860
f 1900 1840 1751
f 1900 1751 1752
f 1901 1752 1750
f 1840 1900 1899
f 1901 1750 1720
f 1902 1720 1721
f 1902 1721 1839
f 1903 1839 1841
f 1903 1841 1838
f 1752 1901 1900
f 1904 1838 1753
f 1904 1753 1754
f 1905 1754 1697
f 1905 1697 1698
f 1720 1902 1901
f 1906 1698 1847
f 1907 1847 1756
f 1907 1756 1755
f 1908 1755 1852
f 1908 1852 1846
f 1909 1846 1845
f 1839 1903 1902
f 1909 1845 1824
f 1910 1824 1823
f 1910 1823 1844
f 1911 1844 1822
f 1911 1822 1821
f 1912 1821 1842
f 1912 1842 1843
f 1856 1843 1685
f 1693 1876 1696
f 1838 1904 1903
f 1877 1696 1876
f 1754 1905 1904
f 1696 1877 1718
f 1698 1906 1905
f 1718 1877 1719
f 1847 1907 1906
f 1855 1719 1877
f 1755 1908 1907
f 1719 1855 1749
f 1846 1909 1908
f 1749 1855 1686
f 1824 1910 1909
f 1856 1686 1855
f 1844 1911 1910
f 1686 1856 1685
f 1821 1912 1911
f 1843 1856 1912
f 1803 1878 1865
f 1878 1803 1805
f 1799 1866 1879
f 1866 1799 1801
f 1796 1880 1857
f 1880 1796 1797
f 1889 1760 1888
f 1760 1889 1762
f 1894 1770 1893
f 1770 1894 1772
f 1810 1910 1812
f 1910 1810 1909
f 1778 1896 1897
f 1896 1778 1776
f 1791 1886 1869
f 1886 1791 1792
f 1781 1870 1871
f 1870 1781 1782
f 1888 1759 1887
f 1759 1888 1760
f 1887 1758 1853
f 1758 1887 1759
f 1776 1895 1896
f 1895 1776 1774
f 1893 1768 1892
f 1768 1893 1770
f 1789 1901 1902
f 1901 1789 1790
f 1790 1900 1901
f 1900 1790 1788
f 1808 1909 1810
f 1909 1808 1908
f 1812 1911 1814
f 1911 1812 1910
f 1816 1856 1818
f 1856 1816 1912
f 1890 1762 1889
f 1762 1890 1764
f 1891 1764 1890
f 1764 1891 1766
f 1774 1894 1895
f 1894 1774 1772
f 1892 1766 1891
f 1766 1892 1768
f 1787 1860 1899
f 1860 1787 1785
f 1802 1906 1804
f 1906 1802 1905
f 1806 1908 1808
f 1908 1806 1907
f 1804 1907 1806
f 1907 1804 1906
f 1814 1912 1816
f 1912 1814 1911
f 1783 1898 1881
f 1898 1783 1780
f 1780 1897 1898
f 1897 1780 1778
f 1788 1899 1900
f 1899 1788 1787
f 1798 1902 1903
f 1902 1798 1789
f 1800 1903 1904
f 1903 1800 1798
f 1802 1904 1905
f 1904 1802 1800
f 1913 1795 1914
f 1795 1913 1786
f 1913 1915 1916
f 1915 1913 1914
f 1757 1915 1761
f 1915 1757 1916
f 1795 1915 1914
f 1915 1795 1761
f 1757 1913 1916
f 1913 1757 1786
